route,link,Bus Name,Bus Type,Departing Time,Duration Time,Reaching Time,Star Rating,Price,Seats Availability
Hyderabad to Vijayawada,https://www.redbus.in/bus-tickets/hyderabad-to-vijayawada,APSRTC - 35188,VENNELA (A.C. SLEEPER),00:40,6h 5m,06:45,4.4,₹737,"15 Seats
(2 Single)"
Hyderabad to Vijayawada,https://www.redbus.in/bus-tickets/hyderabad-to-vijayawada,APSRTC - 3563,"SUPER LUXURY (NON-AC, 2 + 2 PUSH BACK)",01:00,6h 15m,07:15,3.6,₹448,32 Seats
Hyderabad to Vijayawada,https://www.redbus.in/bus-tickets/hyderabad-to-vijayawada,APSRTC - 35266,VENNELA (A.C. SLEEPER),01:25,6h 5m,07:30,2.9,₹737,"20 Seats
(6 Single)"
Hyderabad to Vijayawada,https://www.redbus.in/bus-tickets/hyderabad-to-vijayawada,APSRTC - 3590,"SUPER LUXURY (NON-AC, 2 + 2 PUSH BACK)",01:45,6h 15m,08:00,3.5,₹412,33 Seats
Hyderabad to Vijayawada,https://www.redbus.in/bus-tickets/hyderabad-to-vijayawada,APSRTC - 3058,VENNELA (A.C. SLEEPER),02:10,6h 5m,08:15,4,₹737,"23 Seats
(7 Single)"
Hyderabad to Vijayawada,https://www.redbus.in/bus-tickets/hyderabad-to-vijayawada,APSRTC - 3548,"SUPER LUXURY (NON-AC, 2 + 2 PUSH BACK)",03:00,6h 20m,09:20,4.2,₹412,32 Seats
Hyderabad to Vijayawada,https://www.redbus.in/bus-tickets/hyderabad-to-vijayawada,APSRTC - 35197,AMARAVATHI (VOLVO / SCANIA A.C Multi Axle),03:10,5h 50m,09:00,4.2,₹683,35 Seats
Hyderabad to Vijayawada,https://www.redbus.in/bus-tickets/hyderabad-to-vijayawada,APSRTC - 35190,DOLPHIN CRUISE (VOLVO / SCANIA A.C Multi Axle),04:10,5h 55m,10:05,3.3,₹670,33 Seats
Hyderabad to Vijayawada,https://www.redbus.in/bus-tickets/hyderabad-to-vijayawada,APSRTC - 3558,DOLPHIN CRUISE (VOLVO / SCANIA A.C Multi Axle),04:20,5h 25m,09:45,4.2,₹720,30 Seats
Hyderabad to Vijayawada,https://www.redbus.in/bus-tickets/hyderabad-to-vijayawada,APSRTC - 3540,"SUPER LUXURY (NON-AC, 2 + 2 PUSH BACK)",04:45,7h 20m,12:05,3.5,₹412,N/A
Vijayawada to Hyderabad,https://www.redbus.in/bus-tickets/vijayawada-to-hyderabad,APSRTC - 37800,INDRA(A.C. Seater),00:30,5h 30m,06:00,4,₹567,15 Seats
Vijayawada to Hyderabad,https://www.redbus.in/bus-tickets/vijayawada-to-hyderabad,APSRTC - 2562,INDRA(A.C. Seater),00:40,4h 57m,05:37,2.7,₹528,"31 Seats
(1 Single)"
Vijayawada to Hyderabad,https://www.redbus.in/bus-tickets/vijayawada-to-hyderabad,APSRTC - 2777,INDRA(A.C. Seater),00:45,6h 10m,06:55,3.8,₹567,31 Seats
Vijayawada to Hyderabad,https://www.redbus.in/bus-tickets/vijayawada-to-hyderabad,APSRTC - 4919,INDRA(A.C. Seater),00:45,5h 5m,05:50,3.8,₹567,31 Seats
Vijayawada to Hyderabad,https://www.redbus.in/bus-tickets/vijayawada-to-hyderabad,APSRTC - 2574,NIGHT RIDER (SEATER CUM SLEEPER),01:15,6h 1m,07:16,4.2,₹639,"35 Seats
(10 Single)"
Vijayawada to Hyderabad,https://www.redbus.in/bus-tickets/vijayawada-to-hyderabad,APSRTC - 2687,"SUPER LUXURY (NON-AC, 2 + 2 PUSH BACK)",01:15,4h 51m,06:06,4.4,₹469,19 Seats
Vijayawada to Hyderabad,https://www.redbus.in/bus-tickets/vijayawada-to-hyderabad,APSRTC - 3499,"SUPER LUXURY (NON-AC, 2 + 2 PUSH BACK)",01:45,6h 55m,08:40,3.7,₹469,"29 Seats
(1 Single)"
Vijayawada to Hyderabad,https://www.redbus.in/bus-tickets/vijayawada-to-hyderabad,APSRTC - 2560,INDRA(A.C. Seater),02:15,4h 35m,06:50,5,₹528,"26 Seats
(1 Single)"
Vijayawada to Hyderabad,https://www.redbus.in/bus-tickets/vijayawada-to-hyderabad,APSRTC - 3365,"SUPER LUXURY (NON-AC, 2 + 2 PUSH BACK)",02:25,5h 40m,08:05,3.8,₹469,27 Seats
Vijayawada to Hyderabad,https://www.redbus.in/bus-tickets/vijayawada-to-hyderabad,APSRTC - 2548,NIGHT RIDER (SEATER CUM SLEEPER),02:30,4h 56m,07:26,4.9,₹595,"17 Seats
(3 Single)"
Bangalore to Tirupati,https://www.redbus.in/bus-tickets/bangalore-to-tirupathi,APSRTC - 5491,SAPTAGIRI EXPRESS,03:30,6h,09:30,4.1,₹277,"36 Seats
(1 Single)"
Bangalore to Tirupati,https://www.redbus.in/bus-tickets/bangalore-to-tirupathi,APSRTC - 9048,Express Non AC Seater 2+3,03:30,7h,10:30,4.4,₹333,22 Seats
Bangalore to Tirupati,https://www.redbus.in/bus-tickets/bangalore-to-tirupathi,APSRTC - 9775,"SUPER LUXURY (NON-AC, 2 + 2 PUSH BACK)",05:00,6h 15m,11:15,4.4,₹375,31 Seats
Bangalore to Tirupati,https://www.redbus.in/bus-tickets/bangalore-to-tirupathi,APSRTC - 5627,"ULTRA DELUXE (NON-AC, 2+2 PUSH BACK)",05:45,6h,11:45,4.5,₹325,33 Seats
Bangalore to Tirupati,https://www.redbus.in/bus-tickets/bangalore-to-tirupathi,APSRTC - 3507,"SUPER LUXURY (NON-AC, 2 + 2 PUSH BACK)",06:00,6h 30m,12:30,4.2,₹375,33 Seats
Bangalore to Tirupati,https://www.redbus.in/bus-tickets/bangalore-to-tirupathi,APSRTC - 5519,SAPTAGIRI EXPRESS,06:00,6h,12:00,4.6,₹333,"42 Seats
(1 Single)"
Bangalore to Tirupati,https://www.redbus.in/bus-tickets/bangalore-to-tirupathi,APSRTC - 5621,"ULTRA DELUXE (NON-AC, 2+2 PUSH BACK)",06:30,6h,12:30,3.5,₹325,30 Seats
Bangalore to Tirupati,https://www.redbus.in/bus-tickets/bangalore-to-tirupathi,APSRTC - 9062,Express Non AC Seater 2+3,06:50,7h 10m,14:00,3.9,₹277,43 Seats
Bangalore to Tirupati,https://www.redbus.in/bus-tickets/bangalore-to-tirupathi,APSRTC - 5505,SAPTAGIRI EXPRESS,07:30,6h,13:30,4.3,₹277,"40 Seats
(1 Single)"
Bangalore to Tirupati,https://www.redbus.in/bus-tickets/bangalore-to-tirupathi,APSRTC - 5074,INDRA(A.C. Seater),08:00,6h,14:00,4.5,₹447,29 Seats
Kakinada to Visakhapatnam,https://www.redbus.in/bus-tickets/kakinada-to-visakhapatnam,APSRTC - 2538,"SUPER LUXURY (NON-AC, 2 + 2 PUSH BACK)",00:15,4h,04:15,3.2,₹281,23 Seats
Kakinada to Visakhapatnam,https://www.redbus.in/bus-tickets/kakinada-to-visakhapatnam,APSRTC - 2837,"SUPER LUXURY (NON-AC, 2 + 2 PUSH BACK)",00:15,3h 15m,03:30,3.8,₹281,"33 Seats
(1 Single)"
Kakinada to Visakhapatnam,https://www.redbus.in/bus-tickets/kakinada-to-visakhapatnam,APSRTC - 23551,"SUPER LUXURY (NON-AC, 2 + 2 PUSH BACK)",00:45,4h 30m,05:15,4.2,₹281,"31 Seats
(1 Single)"
Kakinada to Visakhapatnam,https://www.redbus.in/bus-tickets/kakinada-to-visakhapatnam,APSRTC - 2536,INDRA(A.C. Seater),01:15,3h 22m,04:37,4.2,₹340,"29 Seats
(1 Single)"
Kakinada to Visakhapatnam,https://www.redbus.in/bus-tickets/kakinada-to-visakhapatnam,APSRTC - 23537,"SUPER LUXURY (NON-AC, 2 + 2 PUSH BACK)",01:30,4h 30m,06:00,3.6,₹281,13 Seats
Kakinada to Visakhapatnam,https://www.redbus.in/bus-tickets/kakinada-to-visakhapatnam,APSRTC - 4864,"SUPER LUXURY (NON-AC, 2 + 2 PUSH BACK)",01:30,3h 15m,04:45,3.8,₹281,16 Seats
Kakinada to Visakhapatnam,https://www.redbus.in/bus-tickets/kakinada-to-visakhapatnam,APSRTC - 3712,"SUPER LUXURY (NON-AC, 2 + 2 PUSH BACK)",02:10,3h 50m,06:00,3.8,₹281,30 Seats
Kakinada to Visakhapatnam,https://www.redbus.in/bus-tickets/kakinada-to-visakhapatnam,APSRTC - 3714,"SUPER LUXURY (NON-AC, 2 + 2 PUSH BACK)",04:15,3h 55m,08:10,4.4,₹281,33 Seats
Kakinada to Visakhapatnam,https://www.redbus.in/bus-tickets/kakinada-to-visakhapatnam,APSRTC - 2653,"SUPER LUXURY (NON-AC, 2 + 2 PUSH BACK)",04:40,3h,07:40,3.8,₹281,N/A
Kakinada to Visakhapatnam,https://www.redbus.in/bus-tickets/kakinada-to-visakhapatnam,APSRTC - 2855,"ULTRA DELUXE (NON-AC, 2+2 PUSH BACK)",05:00,4h 30m,09:30,3.5,₹269,N/A
Bangalore to Kadapa,https://www.redbus.in/bus-tickets/bangalore-to-kadapa,APSRTC - 6204,"SUPER LUXURY (NON-AC, 2 + 2 PUSH BACK)",04:30,6h 30m,11:00,3.8,₹413,23 Seats
Bangalore to Kadapa,https://www.redbus.in/bus-tickets/bangalore-to-kadapa,APSRTC - 6206,"SUPER LUXURY (NON-AC, 2 + 2 PUSH BACK)",05:30,6h 30m,12:00,3.8,₹413,30 Seats
Bangalore to Kadapa,https://www.redbus.in/bus-tickets/bangalore-to-kadapa,APSRTC - 50182,"SUPER LUXURY (NON-AC, 2 + 2 PUSH BACK)",06:00,7h,13:00,2.6,₹413,32 Seats
Bangalore to Kadapa,https://www.redbus.in/bus-tickets/bangalore-to-kadapa,APSRTC - 6011,"SUPER LUXURY (NON-AC, 2 + 2 PUSH BACK)",06:30,7h,13:30,4.1,₹413,"34 Seats
(1 Single)"
Bangalore to Kadapa,https://www.redbus.in/bus-tickets/bangalore-to-kadapa,APSRTC - 50103,"ULTRA DELUXE (NON-AC, 2+2 PUSH BACK)",07:30,6h 45m,14:15,3.5,₹364,33 Seats
Bangalore to Kadapa,https://www.redbus.in/bus-tickets/bangalore-to-kadapa,APSRTC - 6019,"SUPER LUXURY (NON-AC, 2 + 2 PUSH BACK)",08:15,7h,15:15,4.2,₹472,31 Seats
Bangalore to Kadapa,https://www.redbus.in/bus-tickets/bangalore-to-kadapa,APSRTC - 6074,INDRA(A.C. Seater),09:00,6h 30m,15:30,3.7,₹526,28 Seats
Bangalore to Kadapa,https://www.redbus.in/bus-tickets/bangalore-to-kadapa,APSRTC - 6066,"SUPER LUXURY (NON-AC, 2 + 2 PUSH BACK)",10:00,7h,17:00,3.4,₹413,"33 Seats
(1 Single)"
Bangalore to Kadapa,https://www.redbus.in/bus-tickets/bangalore-to-kadapa,APSRTC - 9267,INDRA(A.C. Seater),10:30,6h 30m,17:00,3,₹526,29 Seats
Bangalore to Kadapa,https://www.redbus.in/bus-tickets/bangalore-to-kadapa,APSRTC - 9255,"SUPER LUXURY (NON-AC, 2 + 2 PUSH BACK)",11:30,7h,18:30,3.5,₹413,"34 Seats
(1 Single)"
Hyderabad to Ongole,https://www.redbus.in/bus-tickets/hyderabad-to-ongole,APSRTC - 45776,"SUPER LUXURY (NON-AC, 2 + 2 PUSH BACK)",06:30,8h 10m,14:40,3.9,₹555,24 Seats
Hyderabad to Ongole,https://www.redbus.in/bus-tickets/hyderabad-to-ongole,APSRTC - 5870,"SUPER LUXURY (NON-AC, 2 + 2 PUSH BACK)",18:30,9h 30m,04:00,4.8,₹522,31 Seats
Hyderabad to Ongole,https://www.redbus.in/bus-tickets/hyderabad-to-ongole,APSRTC - 5070,"SUPER LUXURY (NON-AC, 2 + 2 PUSH BACK)",18:45,8h 40m,03:25,1.4,₹524,26 Seats
Hyderabad to Ongole,https://www.redbus.in/bus-tickets/hyderabad-to-ongole,APSRTC - 48821,"SUPER LUXURY (NON-AC, 2 + 2 PUSH BACK)",19:00,9h 15m,04:15,4.2,₹522,20 Seats
Hyderabad to Ongole,https://www.redbus.in/bus-tickets/hyderabad-to-ongole,APSRTC - 5859,"SUPER LUXURY (NON-AC, 2 + 2 PUSH BACK)",19:00,9h,04:00,3.5,₹522,"34 Seats
(1 Single)"
Hyderabad to Ongole,https://www.redbus.in/bus-tickets/hyderabad-to-ongole,APSRTC - 5054,"SUPER LUXURY (NON-AC, 2 + 2 PUSH BACK)",19:15,9h 45m,05:00,3.8,₹524,11 Seats
Hyderabad to Ongole,https://www.redbus.in/bus-tickets/hyderabad-to-ongole,APSRTC - 5994,"SUPER LUXURY (NON-AC, 2 + 2 PUSH BACK)",19:30,10h 15m,05:45,4.3,₹522,31 Seats
Hyderabad to Ongole,https://www.redbus.in/bus-tickets/hyderabad-to-ongole,APSRTC - 5867,"SUPER LUXURY (NON-AC, 2 + 2 PUSH BACK)",19:30,11h 30m,07:00,3.8,₹602,14 Seats
Hyderabad to Ongole,https://www.redbus.in/bus-tickets/hyderabad-to-ongole,APSRTC - 5181,"SUPER LUXURY (NON-AC, 2 + 2 PUSH BACK)",19:40,9h,04:40,2.7,₹524,30 Seats
Hyderabad to Ongole,https://www.redbus.in/bus-tickets/hyderabad-to-ongole,APSRTC - 5922,"SUPER LUXURY (NON-AC, 2 + 2 PUSH BACK)",19:45,9h 20m,05:05,3.7,₹522,26 Seats
Chittoor (Andhra Pradesh) to Bangalore,https://www.redbus.in/bus-tickets/chittoor-andhra-pradesh-to-bangalore,APSRTC - 47053,Express Non AC Seater 2+3,07:30,3h 40m,11:10,4.2,₹183,16 Seats
Chittoor (Andhra Pradesh) to Bangalore,https://www.redbus.in/bus-tickets/chittoor-andhra-pradesh-to-bangalore,APSRTC - 5753,Express Non AC Seater 2+3,08:30,3h 15m,11:45,4.5,₹183,23 Seats
Chittoor (Andhra Pradesh) to Bangalore,https://www.redbus.in/bus-tickets/chittoor-andhra-pradesh-to-bangalore,APSRTC - 9602,Express Non AC Seater 2+3,09:30,3h 15m,12:45,4.1,₹183,32 Seats
Chittoor (Andhra Pradesh) to Bangalore,https://www.redbus.in/bus-tickets/chittoor-andhra-pradesh-to-bangalore,APSRTC - 5671,Express Non AC Seater 2+3,10:30,3h 25m,13:55,4.5,₹218,43 Seats
Chittoor (Andhra Pradesh) to Bangalore,https://www.redbus.in/bus-tickets/chittoor-andhra-pradesh-to-bangalore,APSRTC - 9045,Express Non AC Seater 2+3,11:00,4h 25m,15:25,4.2,₹218,40 Seats
Chittoor (Andhra Pradesh) to Bangalore,https://www.redbus.in/bus-tickets/chittoor-andhra-pradesh-to-bangalore,APSRTC - 5514,Express Non AC Seater 2+3,11:20,3h 25m,14:45,3.7,₹183,47 Seats
Chittoor (Andhra Pradesh) to Bangalore,https://www.redbus.in/bus-tickets/chittoor-andhra-pradesh-to-bangalore,APSRTC - 9886,Express Non AC Seater 2+3,11:45,4h 17m,16:02,4.1,₹202,44 Seats
Chittoor (Andhra Pradesh) to Bangalore,https://www.redbus.in/bus-tickets/chittoor-andhra-pradesh-to-bangalore,APSRTC - 5647,Express Non AC Seater 2+3,12:00,4h 5m,16:05,3.7,₹183,40 Seats
Chittoor (Andhra Pradesh) to Bangalore,https://www.redbus.in/bus-tickets/chittoor-andhra-pradesh-to-bangalore,APSRTC - 9043,Express Non AC Seater 2+3,12:30,3h 20m,15:50,3.7,₹183,35 Seats
Chittoor (Andhra Pradesh) to Bangalore,https://www.redbus.in/bus-tickets/chittoor-andhra-pradesh-to-bangalore,APSRTC - 5398,"ULTRA DELUXE (NON-AC, 2+2 PUSH BACK)",12:45,4h 15m,17:00,3.6,₹229,N/A
Ongole to Hyderabad,https://www.redbus.in/bus-tickets/ongole-to-hyderabad,APSRTC - 45775,"SUPER LUXURY (NON-AC, 2 + 2 PUSH BACK)",10:00,7h 30m,17:30,3.5,₹555,22 Seats
Ongole to Hyderabad,https://www.redbus.in/bus-tickets/ongole-to-hyderabad,APSRTC - 5380,"SUPER LUXURY (NON-AC, 2 + 2 PUSH BACK)",19:00,10h 6m,05:06,3.9,₹624,30 Seats
Ongole to Hyderabad,https://www.redbus.in/bus-tickets/ongole-to-hyderabad,APSRTC - 5866,"SUPER LUXURY (NON-AC, 2 + 2 PUSH BACK)",19:45,10h 1m,05:46,4.7,₹602,33 Seats
Ongole to Hyderabad,https://www.redbus.in/bus-tickets/ongole-to-hyderabad,APSRTC - 5913,"SUPER LUXURY (NON-AC, 2 + 2 PUSH BACK)",20:30,9h 6m,05:36,4.7,₹535,25 Seats
Ongole to Hyderabad,https://www.redbus.in/bus-tickets/ongole-to-hyderabad,APSRTC - 45901,"SUPER LUXURY (NON-AC, 2 + 2 PUSH BACK)",21:00,7h 20m,04:20,4.1,₹555,21 Seats
Ongole to Hyderabad,https://www.redbus.in/bus-tickets/ongole-to-hyderabad,APSRTC - 5915,"SUPER LUXURY (NON-AC, 2 + 2 PUSH BACK)",21:15,8h 5m,05:20,4,₹605,31 Seats
Ongole to Hyderabad,https://www.redbus.in/bus-tickets/ongole-to-hyderabad,APSRTC - 5725,"SUPER LUXURY (NON-AC, 2 + 2 PUSH BACK)",21:20,7h 25m,04:45,3.8,₹555,31 Seats
Ongole to Hyderabad,https://www.redbus.in/bus-tickets/ongole-to-hyderabad,APSRTC - 48820,"SUPER LUXURY (NON-AC, 2 + 2 PUSH BACK)",21:30,7h 25m,04:55,4.1,₹555,19 Seats
Ongole to Hyderabad,https://www.redbus.in/bus-tickets/ongole-to-hyderabad,APSRTC - 5957,STAR LINER(NON-AC SLEEPER 2+1),21:30,6h 30m,04:00,4.8,₹719,31 Seats
Ongole to Hyderabad,https://www.redbus.in/bus-tickets/ongole-to-hyderabad,APSRTC - 5927,"SUPER LUXURY (NON-AC, 2 + 2 PUSH BACK)",21:45,6h 35m,04:20,4.2,₹555,N/A
Bangalore to Chittoor (Andhra Pradesh),https://www.redbus.in/bus-tickets/bangalore-to-chittoor-andhra-pradesh,APSRTC - 9048,Express Non AC Seater 2+3,03:30,5h 10m,08:40,3.8,₹239,29 Seats
Bangalore to Chittoor (Andhra Pradesh),https://www.redbus.in/bus-tickets/bangalore-to-chittoor-andhra-pradesh,APSRTC - 9050,Express Non AC Seater 2+3,04:30,4h 30m,09:00,4.4,₹183,16 Seats
Bangalore to Chittoor (Andhra Pradesh),https://www.redbus.in/bus-tickets/bangalore-to-chittoor-andhra-pradesh,APSRTC - 47021,Express Non AC Seater 2+3,04:30,4h 15m,08:45,4.6,₹202,25 Seats
Bangalore to Chittoor (Andhra Pradesh),https://www.redbus.in/bus-tickets/bangalore-to-chittoor-andhra-pradesh,APSRTC - 47023,Express Non AC Seater 2+3,05:15,4h 30m,09:45,3.9,₹233,46 Seats
Bangalore to Chittoor (Andhra Pradesh),https://www.redbus.in/bus-tickets/bangalore-to-chittoor-andhra-pradesh,APSRTC - 9042,Express Non AC Seater 2+3,06:00,5h 10m,11:10,3.2,₹183,35 Seats
Bangalore to Chittoor (Andhra Pradesh),https://www.redbus.in/bus-tickets/bangalore-to-chittoor-andhra-pradesh,APSRTC - 9062,Express Non AC Seater 2+3,06:45,5h 35m,12:20,4.1,₹183,41 Seats
Bangalore to Chittoor (Andhra Pradesh),https://www.redbus.in/bus-tickets/bangalore-to-chittoor-andhra-pradesh,APSRTC - 5074,INDRA(A.C. Seater),08:00,4h 15m,12:15,3.9,₹300,27 Seats
Bangalore to Chittoor (Andhra Pradesh),https://www.redbus.in/bus-tickets/bangalore-to-chittoor-andhra-pradesh,APSRTC - 9036,Express Non AC Seater 2+3,08:30,4h 25m,12:55,3.8,₹183,45 Seats
Bangalore to Chittoor (Andhra Pradesh),https://www.redbus.in/bus-tickets/bangalore-to-chittoor-andhra-pradesh,APSRTC - 3765,"SUPER LUXURY (NON-AC, 2 + 2 PUSH BACK)",09:00,4h 30m,13:30,3.8,₹254,32 Seats
Bangalore to Chittoor (Andhra Pradesh),https://www.redbus.in/bus-tickets/bangalore-to-chittoor-andhra-pradesh,APSRTC - 9058,Express Non AC Seater 2+3,09:15,4h 25m,13:40,3.3,₹183,40 Seats
Kadapa to Bangalore,https://www.redbus.in/bus-tickets/kadapa-to-bangalore,APSRTC - 5803,"SUPER LUXURY (NON-AC, 2 + 2 PUSH BACK)",00:15,5h 35m,05:50,3.6,₹472,30 Seats
Kadapa to Bangalore,https://www.redbus.in/bus-tickets/kadapa-to-bangalore,APSRTC - 6014,"SUPER LUXURY (NON-AC, 2 + 2 PUSH BACK)",04:30,6h 30m,11:00,4.1,₹472,"15 Seats
(1 Single)"
Kadapa to Bangalore,https://www.redbus.in/bus-tickets/kadapa-to-bangalore,APSRTC - 50012,"SUPER LUXURY (NON-AC, 2 + 2 PUSH BACK)",05:30,6h 30m,12:00,3.4,₹472,"34 Seats
(1 Single)"
Kadapa to Bangalore,https://www.redbus.in/bus-tickets/kadapa-to-bangalore,APSRTC - 6004,"SUPER LUXURY (NON-AC, 2 + 2 PUSH BACK)",07:00,6h 25m,13:25,3.7,₹472,"34 Seats
(1 Single)"
Kadapa to Bangalore,https://www.redbus.in/bus-tickets/kadapa-to-bangalore,APSRTC - 6016,"SUPER LUXURY (NON-AC, 2 + 2 PUSH BACK)",08:00,6h 30m,14:30,3.5,₹472,"32 Seats
(1 Single)"
Kadapa to Bangalore,https://www.redbus.in/bus-tickets/kadapa-to-bangalore,APSRTC - 50078,"SUPER LUXURY (NON-AC, 2 + 2 PUSH BACK)",09:00,6h 50m,15:50,4.1,₹472,"34 Seats
(1 Single)"
Kadapa to Bangalore,https://www.redbus.in/bus-tickets/kadapa-to-bangalore,APSRTC - 50061,"SUPER LUXURY (NON-AC, 2 + 2 PUSH BACK)",10:00,6h 30m,16:30,2.4,₹472,"34 Seats
(1 Single)"
Kadapa to Bangalore,https://www.redbus.in/bus-tickets/kadapa-to-bangalore,APSRTC - 9252,INDRA(A.C. Seater),10:30,6h 30m,17:00,4.3,₹526,"36 Seats
(1 Single)"
Kadapa to Bangalore,https://www.redbus.in/bus-tickets/kadapa-to-bangalore,APSRTC - 50102,"ULTRA DELUXE (NON-AC, 2+2 PUSH BACK)",11:00,7h,18:00,3.3,₹412,34 Seats
Kadapa to Bangalore,https://www.redbus.in/bus-tickets/kadapa-to-bangalore,APSRTC - 50804,"SUPER LUXURY (NON-AC, 2 + 2 PUSH BACK)",11:45,6h 55m,18:40,4,₹472,"34 Seats
(1 Single)"
Bangalore to Anantapur (andhra pradesh),https://www.redbus.in/bus-tickets/bangalore-to-ananthapur,APSRTC - 52270,"ULTRA DELUXE (NON-AC, 2+2 PUSH BACK)",00:30,5h,05:30,3.8,₹307,31 Seats
Bangalore to Anantapur (andhra pradesh),https://www.redbus.in/bus-tickets/bangalore-to-ananthapur,APSRTC - 52938,"ULTRA DELUXE (NON-AC, 2+2 PUSH BACK)",03:45,5h 15m,09:00,4,₹307,34 Seats
Bangalore to Anantapur (andhra pradesh),https://www.redbus.in/bus-tickets/bangalore-to-ananthapur,APSRTC - 52272,"ULTRA DELUXE (NON-AC, 2+2 PUSH BACK)",04:30,5h,09:30,3.8,₹307,25 Seats
Bangalore to Anantapur (andhra pradesh),https://www.redbus.in/bus-tickets/bangalore-to-ananthapur,APSRTC - 6625,"SUPER LUXURY (NON-AC, 2 + 2 PUSH BACK)",06:00,4h 50m,10:50,3.9,₹365,32 Seats
Bangalore to Anantapur (andhra pradesh),https://www.redbus.in/bus-tickets/bangalore-to-ananthapur,APSRTC - 6339,"SUPER LUXURY (NON-AC, 2 + 2 PUSH BACK)",07:15,4h 40m,11:55,4.4,₹365,"34 Seats
(1 Single)"
Bangalore to Anantapur (andhra pradesh),https://www.redbus.in/bus-tickets/bangalore-to-ananthapur,APSRTC - 6961,"SUPER LUXURY (NON-AC, 2 + 2 PUSH BACK)",07:30,5h,12:30,2.8,₹365,"28 Seats
(1 Single)"
Bangalore to Anantapur (andhra pradesh),https://www.redbus.in/bus-tickets/bangalore-to-ananthapur,APSRTC - 6959,"SUPER LUXURY (NON-AC, 2 + 2 PUSH BACK)",08:00,5h,13:00,3.4,₹365,"30 Seats
(1 Single)"
Bangalore to Anantapur (andhra pradesh),https://www.redbus.in/bus-tickets/bangalore-to-ananthapur,APSRTC - 6337,"SUPER LUXURY (NON-AC, 2 + 2 PUSH BACK)",08:30,4h 30m,13:00,3.7,₹365,"32 Seats
(1 Single)"
Bangalore to Anantapur (andhra pradesh),https://www.redbus.in/bus-tickets/bangalore-to-ananthapur,APSRTC - 6963,"SUPER LUXURY (NON-AC, 2 + 2 PUSH BACK)",09:00,5h 30m,14:30,3.9,₹365,"34 Seats
(1 Single)"
Bangalore to Anantapur (andhra pradesh),https://www.redbus.in/bus-tickets/bangalore-to-ananthapur,APSRTC - 6987,"SUPER LUXURY (NON-AC, 2 + 2 PUSH BACK)",09:30,5h 30m,15:00,4.3,₹365,"33 Seats
(1 Single)"
Bangalore to Kadiri,https://www.redbus.in/bus-tickets/bangalore-to-kadiri,APSRTC - 52557,Express Non AC Seater 2+3,04:00,5h 30m,09:30,3.2,₹226,22 Seats
Bangalore to Kadiri,https://www.redbus.in/bus-tickets/bangalore-to-kadiri,APSRTC - 6839,Express Non AC Seater 2+3,04:30,5h 30m,10:00,3.4,₹246,30 Seats
Bangalore to Kadiri,https://www.redbus.in/bus-tickets/bangalore-to-kadiri,APSRTC - 52538,Express Non AC Seater 2+3,05:00,4h 30m,09:30,4,₹194,39 Seats
Bangalore to Kadiri,https://www.redbus.in/bus-tickets/bangalore-to-kadiri,APSRTC - 52540,Express Non AC Seater 2+3,05:00,5h 30m,10:30,3.7,₹188,30 Seats
Bangalore to Kadiri,https://www.redbus.in/bus-tickets/bangalore-to-kadiri,APSRTC - 52592,Express Non AC Seater 2+3,05:30,5h,10:30,4.5,₹205,38 Seats
Bangalore to Kadiri,https://www.redbus.in/bus-tickets/bangalore-to-kadiri,APSRTC - 6095,"SUPER LUXURY (NON-AC, 2 + 2 PUSH BACK)",06:00,4h 15m,10:15,3.5,₹321,"32 Seats
(1 Single)"
Bangalore to Kadiri,https://www.redbus.in/bus-tickets/bangalore-to-kadiri,APSRTC - 26093,"SUPER LUXURY (NON-AC, 2 + 2 PUSH BACK)",07:30,4h 15m,11:45,4.7,₹321,"34 Seats
(1 Single)"
Bangalore to Kadiri,https://www.redbus.in/bus-tickets/bangalore-to-kadiri,APSRTC - 52521,Express Non AC Seater 2+3,09:00,5h,14:00,4,₹194,45 Seats
Bangalore to Kadiri,https://www.redbus.in/bus-tickets/bangalore-to-kadiri,APSRTC - 6150,"SUPER LUXURY (NON-AC, 2 + 2 PUSH BACK)",10:00,3h 45m,13:45,3.2,₹321,"27 Seats
(1 Single)"
Bangalore to Kadiri,https://www.redbus.in/bus-tickets/bangalore-to-kadiri,APSRTC - 52522,Express Non AC Seater 2+3,10:15,5h 15m,15:30,3.8,₹194,45 Seats
Bangalore to Madanapalli,https://www.redbus.in/bus-tickets/bangalore-to-madanapalli,APSRTC - 7591,Express Non AC Seater 2+3,05:45,3h 30m,09:15,4.4,₹137,19 Seats
Bangalore to Madanapalli,https://www.redbus.in/bus-tickets/bangalore-to-madanapalli,APSRTC - 6019,"SUPER LUXURY (NON-AC, 2 + 2 PUSH BACK)",08:15,4h,12:15,3.9,₹268,31 Seats
Bangalore to Madanapalli,https://www.redbus.in/bus-tickets/bangalore-to-madanapalli,APSRTC - 5678,Express Non AC Seater 2+3,08:30,3h 15m,11:45,4,₹173,24 Seats
Bangalore to Madanapalli,https://www.redbus.in/bus-tickets/bangalore-to-madanapalli,APSRTC - 7585,Express Non AC Seater 2+3,09:00,3h 45m,12:45,4.3,₹173,38 Seats
Bangalore to Madanapalli,https://www.redbus.in/bus-tickets/bangalore-to-madanapalli,APSRTC - 5724,Express Non AC Seater 2+3,10:00,3h 30m,13:30,4.1,₹173,26 Seats
Bangalore to Madanapalli,https://www.redbus.in/bus-tickets/bangalore-to-madanapalli,APSRTC - 47136,Express Non AC Seater 2+3,10:30,3h 45m,14:15,3.4,₹173,40 Seats
Bangalore to Madanapalli,https://www.redbus.in/bus-tickets/bangalore-to-madanapalli,APSRTC - 9267,INDRA(A.C. Seater),10:30,3h 45m,14:15,3.4,₹279,26 Seats
Bangalore to Madanapalli,https://www.redbus.in/bus-tickets/bangalore-to-madanapalli,APSRTC - 9126,Express Non AC Seater 2+3,11:15,3h 15m,14:30,3.8,₹173,41 Seats
Bangalore to Madanapalli,https://www.redbus.in/bus-tickets/bangalore-to-madanapalli,APSRTC - 7593,Express Non AC Seater 2+3,12:00,3h 30m,15:30,4.3,₹137,44 Seats
Bangalore to Madanapalli,https://www.redbus.in/bus-tickets/bangalore-to-madanapalli,APSRTC - 7589,Express Non AC Seater 2+3,14:30,4h,18:30,3.6,₹137,35 Seats
Anantapur (andhra pradesh) to Bangalore,https://www.redbus.in/bus-tickets/ananthapur-to-bangalore,APSRTC - 6532,"SUPER LUXURY (NON-AC, 2 + 2 PUSH BACK)",00:30,4h 30m,05:00,3.2,₹365,"18 Seats
(1 Single)"
Anantapur (andhra pradesh) to Bangalore,https://www.redbus.in/bus-tickets/ananthapur-to-bangalore,APSRTC - 51500,INDRA(A.C. Seater),00:40,3h 35m,04:15,3,₹433,12 Seats
Anantapur (andhra pradesh) to Bangalore,https://www.redbus.in/bus-tickets/ananthapur-to-bangalore,APSRTC - 6457,"SUPER LUXURY (NON-AC, 2 + 2 PUSH BACK)",00:45,3h 35m,04:20,3,₹365,14 Seats
Anantapur (andhra pradesh) to Bangalore,https://www.redbus.in/bus-tickets/ananthapur-to-bangalore,APSRTC - 6274,STAR LINER(NON-AC SLEEPER 2+1),01:05,3h 37m,04:42,3.6,₹464,10 Seats
Anantapur (andhra pradesh) to Bangalore,https://www.redbus.in/bus-tickets/ananthapur-to-bangalore,APSRTC - 6541,STAR LINER(NON-AC SLEEPER 2+1),01:30,4h,05:30,3.1,₹434,19 Seats
Anantapur (andhra pradesh) to Bangalore,https://www.redbus.in/bus-tickets/ananthapur-to-bangalore,APSRTC - 6342,INDRA(A.C. Seater),01:45,3h 15m,05:00,4.5,₹433,24 Seats
Anantapur (andhra pradesh) to Bangalore,https://www.redbus.in/bus-tickets/ananthapur-to-bangalore,APSRTC - 6608,"SUPER LUXURY (NON-AC, 2 + 2 PUSH BACK)",02:15,3h 53m,06:08,3.4,₹365,10 Seats
Anantapur (andhra pradesh) to Bangalore,https://www.redbus.in/bus-tickets/ananthapur-to-bangalore,APSRTC - 6466,"SUPER LUXURY (NON-AC, 2 + 2 PUSH BACK)",02:15,4h 35m,06:50,4.5,₹365,14 Seats
Anantapur (andhra pradesh) to Bangalore,https://www.redbus.in/bus-tickets/ananthapur-to-bangalore,APSRTC - 6821,"SUPER LUXURY (NON-AC, 2 + 2 PUSH BACK)",04:00,4h 45m,08:45,4.2,₹365,N/A
Anantapur (andhra pradesh) to Bangalore,https://www.redbus.in/bus-tickets/ananthapur-to-bangalore,APSRTC - 6740,"SUPER LUXURY (NON-AC, 2 + 2 PUSH BACK)",04:30,5h,09:30,3.1,₹365,N/A
Visakhapatnam to Kakinada,https://www.redbus.in/bus-tickets/visakhapatnam-to-kakinada,APSRTC - 3234,"ULTRA DELUXE (NON-AC, 2+2 PUSH BACK)",00:10,4h 30m,04:40,3.7,₹269,35 Seats
Visakhapatnam to Kakinada,https://www.redbus.in/bus-tickets/visakhapatnam-to-kakinada,APSRTC - 23892,"SUPER LUXURY (NON-AC, 2 + 2 PUSH BACK)",00:25,4h 2m,04:27,3.7,₹281,33 Seats
Visakhapatnam to Kakinada,https://www.redbus.in/bus-tickets/visakhapatnam-to-kakinada,APSRTC - 2768,"SUPER LUXURY (NON-AC, 2 + 2 PUSH BACK)",01:00,4h,05:00,4.2,₹281,30 Seats
Visakhapatnam to Kakinada,https://www.redbus.in/bus-tickets/visakhapatnam-to-kakinada,APSRTC - 2858,"ULTRA DELUXE (NON-AC, 2+2 PUSH BACK)",01:30,3h 40m,05:10,3.2,₹269,"31 Seats
(1 Single)"
Visakhapatnam to Kakinada,https://www.redbus.in/bus-tickets/visakhapatnam-to-kakinada,APSRTC - 3473,"SUPER LUXURY (NON-AC, 2 + 2 PUSH BACK)",03:30,4h 30m,08:00,3.6,₹281,"26 Seats
(1 Single)"
Visakhapatnam to Kakinada,https://www.redbus.in/bus-tickets/visakhapatnam-to-kakinada,APSRTC - 23552,"SUPER LUXURY (NON-AC, 2 + 2 PUSH BACK)",04:00,4h 45m,08:45,4.2,₹281,"34 Seats
(1 Single)"
Visakhapatnam to Kakinada,https://www.redbus.in/bus-tickets/visakhapatnam-to-kakinada,APSRTC - 23540,"SUPER LUXURY (NON-AC, 2 + 2 PUSH BACK)",04:30,4h 45m,09:15,3.7,₹281,22 Seats
Visakhapatnam to Kakinada,https://www.redbus.in/bus-tickets/visakhapatnam-to-kakinada,APSRTC - 3333,"SUPER LUXURY (NON-AC, 2 + 2 PUSH BACK)",04:45,3h 40m,08:25,4.6,₹281,"34 Seats
(1 Single)"
Visakhapatnam to Kakinada,https://www.redbus.in/bus-tickets/visakhapatnam-to-kakinada,APSRTC - 3405,"SUPER LUXURY (NON-AC, 2 + 2 PUSH BACK)",05:00,4h 20m,09:20,1.5,₹281,"33 Seats
(1 Single)"
Visakhapatnam to Kakinada,https://www.redbus.in/bus-tickets/visakhapatnam-to-kakinada,APSRTC - 3335,"SUPER LUXURY (NON-AC, 2 + 2 PUSH BACK)",05:10,3h 35m,08:45,4.7,₹281,N/A
Tirupati to Bangalore,https://www.redbus.in/bus-tickets/tirupathi-to-bangalore,APSRTC - 505111,VENNELA (A.C. SLEEPER),00:30,4h 20m,04:50,3.8,₹772,"13 Seats
(3 Single)"
Tirupati to Bangalore,https://www.redbus.in/bus-tickets/tirupathi-to-bangalore,APSRTC - 5095,"SUPER LUXURY (NON-AC, 2 + 2 PUSH BACK)",00:30,5h,05:30,4.1,₹426,21 Seats
Tirupati to Bangalore,https://www.redbus.in/bus-tickets/tirupathi-to-bangalore,APSRTC - 5027,"SUPER LUXURY (NON-AC, 2 + 2 PUSH BACK)",01:20,4h 55m,06:15,4.4,₹426,17 Seats
Tirupati to Bangalore,https://www.redbus.in/bus-tickets/tirupathi-to-bangalore,APSRTC - 5650,Express Non AC Seater 2+3,04:30,5h 55m,10:25,2.8,₹312,34 Seats
Tirupati to Bangalore,https://www.redbus.in/bus-tickets/tirupathi-to-bangalore,APSRTC - 5512,SAPTAGIRI EXPRESS,06:30,6h,12:30,4.4,₹317,37 Seats
Tirupati to Bangalore,https://www.redbus.in/bus-tickets/tirupathi-to-bangalore,APSRTC - 5470,SAPTAGIRI EXPRESS,07:30,6h,13:30,4.1,₹312,"45 Seats
(2 Single)"
Tirupati to Bangalore,https://www.redbus.in/bus-tickets/tirupathi-to-bangalore,APSRTC - 5466,SAPTAGIRI EXPRESS,08:30,6h,14:30,4.6,₹312,"45 Seats
(2 Single)"
Tirupati to Bangalore,https://www.redbus.in/bus-tickets/tirupathi-to-bangalore,APSRTC - 9045,Express Non AC Seater 2+3,09:00,6h 25m,15:25,3,₹312,43 Seats
Tirupati to Bangalore,https://www.redbus.in/bus-tickets/tirupathi-to-bangalore,APSRTC - 5500,SAPTAGIRI EXPRESS,09:30,6h,15:30,4.9,₹312,"45 Seats
(1 Single)"
Tirupati to Bangalore,https://www.redbus.in/bus-tickets/tirupathi-to-bangalore,APSRTC - 5456,"SUPER LUXURY (NON-AC, 2 + 2 PUSH BACK)",10:00,6h,16:00,4.6,₹426,32 Seats
Madanapalli to Bangalore,https://www.redbus.in/bus-tickets/madanapalli-to-bangalore,APSRTC - 96926,Express Non AC Seater 2+3,04:45,3h 30m,08:15,3.9,₹173,21 Seats
Madanapalli to Bangalore,https://www.redbus.in/bus-tickets/madanapalli-to-bangalore,APSRTC - 96922,Express Non AC Seater 2+3,05:15,3h 30m,08:45,3.1,₹173,28 Seats
Madanapalli to Bangalore,https://www.redbus.in/bus-tickets/madanapalli-to-bangalore,APSRTC - 7592,Express Non AC Seater 2+3,07:30,4h,11:30,4.7,₹173,28 Seats
Madanapalli to Bangalore,https://www.redbus.in/bus-tickets/madanapalli-to-bangalore,APSRTC - 6224,"ULTRA DELUXE (NON-AC, 2+2 PUSH BACK)",09:45,4h,13:45,4.2,₹226,"23 Seats
(1 Single)"
Madanapalli to Bangalore,https://www.redbus.in/bus-tickets/madanapalli-to-bangalore,APSRTC - 7588,Express Non AC Seater 2+3,10:30,3h 15m,13:45,4.1,₹173,38 Seats
Madanapalli to Bangalore,https://www.redbus.in/bus-tickets/madanapalli-to-bangalore,APSRTC - 7586,Express Non AC Seater 2+3,13:15,4h,17:15,3.9,₹173,24 Seats
Madanapalli to Bangalore,https://www.redbus.in/bus-tickets/madanapalli-to-bangalore,APSRTC - 5675,Express Non AC Seater 2+3,15:00,4h,19:00,3.4,₹173,N/A
Madanapalli to Bangalore,https://www.redbus.in/bus-tickets/madanapalli-to-bangalore,APSRTC - 6006,INDRA(A.C. Seater),15:00,3h 30m,18:30,3.4,₹279,N/A
Madanapalli to Bangalore,https://www.redbus.in/bus-tickets/madanapalli-to-bangalore,APSRTC - 96919,Express Non AC Seater 2+3,15:30,3h 30m,19:00,3.4,₹173,N/A
Madanapalli to Bangalore,https://www.redbus.in/bus-tickets/madanapalli-to-bangalore,APSRTC - 7594,Express Non AC Seater 2+3,16:00,4h,20:00,3.7,₹173,N/A
Guntur (Andhra Pradesh) to Hyderabad,https://www.redbus.in/bus-tickets/guntur-to-hyderabad,APSRTC - 4266,"SUPER LUXURY (NON-AC, 2 + 2 PUSH BACK)",08:00,7h 12m,15:12,3.5,₹483,"32 Seats
(1 Single)"
Guntur (Andhra Pradesh) to Hyderabad,https://www.redbus.in/bus-tickets/guntur-to-hyderabad,APSRTC - 4244,"SUPER LUXURY (NON-AC, 2 + 2 PUSH BACK)",14:00,6h 50m,20:50,4.1,₹451,"28 Seats
(1 Single)"
Guntur (Andhra Pradesh) to Hyderabad,https://www.redbus.in/bus-tickets/guntur-to-hyderabad,APSRTC - 4246,"SUPER LUXURY (NON-AC, 2 + 2 PUSH BACK)",16:00,6h 25m,22:25,3.2,₹483,"12 Seats
(1 Single)"
Guntur (Andhra Pradesh) to Hyderabad,https://www.redbus.in/bus-tickets/guntur-to-hyderabad,APSRTC - 4256,"SUPER LUXURY (NON-AC, 2 + 2 PUSH BACK)",20:30,6h 25m,02:55,4.3,₹451,"34 Seats
(1 Single)"
Guntur (Andhra Pradesh) to Hyderabad,https://www.redbus.in/bus-tickets/guntur-to-hyderabad,APSRTC - 4737,"SUPER LUXURY (NON-AC, 2 + 2 PUSH BACK)",21:00,5h 40m,02:40,3.6,₹483,"34 Seats
(1 Single)"
Guntur (Andhra Pradesh) to Hyderabad,https://www.redbus.in/bus-tickets/guntur-to-hyderabad,APSRTC - 4250,"SUPER LUXURY (NON-AC, 2 + 2 PUSH BACK)",21:15,5h 50m,03:05,3.9,₹483,"34 Seats
(1 Single)"
Guntur (Andhra Pradesh) to Hyderabad,https://www.redbus.in/bus-tickets/guntur-to-hyderabad,APSRTC - 4620,"SUPER LUXURY (NON-AC, 2 + 2 PUSH BACK)",21:45,6h 5m,03:50,3.2,₹483,33 Seats
Guntur (Andhra Pradesh) to Hyderabad,https://www.redbus.in/bus-tickets/guntur-to-hyderabad,APSRTC - 4198,INDRA(A.C. Seater),22:00,5h 50m,03:50,3.8,₹585,33 Seats
Guntur (Andhra Pradesh) to Hyderabad,https://www.redbus.in/bus-tickets/guntur-to-hyderabad,APSRTC - 4252,"SUPER LUXURY (NON-AC, 2 + 2 PUSH BACK)",22:05,6h 20m,04:25,3.6,₹483,"33 Seats
(1 Single)"
Guntur (Andhra Pradesh) to Hyderabad,https://www.redbus.in/bus-tickets/guntur-to-hyderabad,APSRTC - 4178,AMARAVATHI (VOLVO / SCANIA A.C Multi Axle),22:15,6h 5m,04:20,3.9,₹817,47 Seats
Hyderabad to Narasaraopet,https://www.redbus.in/bus-tickets/hyderabad-to-narsaraopet,APSRTC - 4533,"SUPER LUXURY (NON-AC, 2 + 2 PUSH BACK)",07:00,8h 15m,15:15,3.9,₹464,18 Seats
Hyderabad to Narasaraopet,https://www.redbus.in/bus-tickets/hyderabad-to-narsaraopet,APSRTC - 5815,"SUPER LUXURY (NON-AC, 2 + 2 PUSH BACK)",18:50,7h 40m,02:30,4.1,₹435,25 Seats
Hyderabad to Narasaraopet,https://www.redbus.in/bus-tickets/hyderabad-to-narsaraopet,APSRTC - 4529,"SUPER LUXURY (NON-AC, 2 + 2 PUSH BACK)",20:45,7h 15m,04:00,4.2,₹394,31 Seats
Hyderabad to Narasaraopet,https://www.redbus.in/bus-tickets/hyderabad-to-narsaraopet,APSRTC - 4538,"SUPER LUXURY (NON-AC, 2 + 2 PUSH BACK)",20:45,7h 15m,04:00,4.2,₹427,32 Seats
Hyderabad to Narasaraopet,https://www.redbus.in/bus-tickets/hyderabad-to-narsaraopet,APSRTC - 5831,INDRA(A.C. Seater),21:00,7h,04:00,3.7,₹526,31 Seats
Hyderabad to Narasaraopet,https://www.redbus.in/bus-tickets/hyderabad-to-narsaraopet,APSRTC - 5835,STAR LINER(NON-AC SLEEPER 2+1),21:15,7h 30m,04:45,3.8,₹563,12 Seats
Hyderabad to Narasaraopet,https://www.redbus.in/bus-tickets/hyderabad-to-narsaraopet,APSRTC - 4527,"SUPER LUXURY (NON-AC, 2 + 2 PUSH BACK)",21:40,6h 45m,04:25,3.4,₹427,27 Seats
Hyderabad to Narasaraopet,https://www.redbus.in/bus-tickets/hyderabad-to-narsaraopet,APSRTC - 4515,"SUPER LUXURY (NON-AC, 2 + 2 PUSH BACK)",21:40,6h 50m,04:30,3.3,₹427,16 Seats
Hyderabad to Narasaraopet,https://www.redbus.in/bus-tickets/hyderabad-to-narsaraopet,APSRTC - 4546,"SUPER LUXURY (NON-AC, 2 + 2 PUSH BACK)",22:00,6h 35m,04:35,4.2,₹394,23 Seats
Hyderabad to Narasaraopet,https://www.redbus.in/bus-tickets/hyderabad-to-narsaraopet,APSRTC - 4448,"SUPER LUXURY (NON-AC, 2 + 2 PUSH BACK)",22:00,7h,05:00,3.9,₹394,32 Seats
Hyderabad to Guntur (Andhra Pradesh),https://www.redbus.in/bus-tickets/hyderabad-to-guntur,APSRTC - 4247,"SUPER LUXURY (NON-AC, 2 + 2 PUSH BACK)",04:15,6h 35m,10:50,3.4,₹451,24 Seats
Hyderabad to Guntur (Andhra Pradesh),https://www.redbus.in/bus-tickets/hyderabad-to-guntur,APSRTC - 4738,"SUPER LUXURY (NON-AC, 2 + 2 PUSH BACK)",04:30,7h 16m,11:46,4,₹451,30 Seats
Hyderabad to Guntur (Andhra Pradesh),https://www.redbus.in/bus-tickets/hyderabad-to-guntur,APSRTC - 4245,"SUPER LUXURY (NON-AC, 2 + 2 PUSH BACK)",05:30,8h 30m,14:00,4.1,₹483,29 Seats
Hyderabad to Guntur (Andhra Pradesh),https://www.redbus.in/bus-tickets/hyderabad-to-guntur,APSRTC - 4221,"SUPER LUXURY (NON-AC, 2 + 2 PUSH BACK)",09:15,8h 20m,17:35,4.3,₹451,31 Seats
Hyderabad to Guntur (Andhra Pradesh),https://www.redbus.in/bus-tickets/hyderabad-to-guntur,APSRTC - 4197,"SUPER LUXURY (NON-AC, 2 + 2 PUSH BACK)",10:30,8h 20m,18:50,4.4,₹451,32 Seats
Hyderabad to Guntur (Andhra Pradesh),https://www.redbus.in/bus-tickets/hyderabad-to-guntur,APSRTC - 4612,"SUPER LUXURY (NON-AC, 2 + 2 PUSH BACK)",19:15,8h 45m,04:00,3.5,₹483,32 Seats
Hyderabad to Guntur (Andhra Pradesh),https://www.redbus.in/bus-tickets/hyderabad-to-guntur,APSRTC - 4249,"SUPER LUXURY (NON-AC, 2 + 2 PUSH BACK)",19:45,8h 35m,04:20,2.6,₹451,33 Seats
Hyderabad to Guntur (Andhra Pradesh),https://www.redbus.in/bus-tickets/hyderabad-to-guntur,APSRTC - 4179,AMARAVATHI (VOLVO / SCANIA A.C Multi Axle),20:30,7h 59m,04:29,4.2,₹817,42 Seats
Hyderabad to Guntur (Andhra Pradesh),https://www.redbus.in/bus-tickets/hyderabad-to-guntur,APSRTC - 4189,INDRA(A.C. Seater),20:40,8h 5m,04:45,4,₹585,37 Seats
Hyderabad to Guntur (Andhra Pradesh),https://www.redbus.in/bus-tickets/hyderabad-to-guntur,APSRTC - 4629,"SUPER LUXURY (NON-AC, 2 + 2 PUSH BACK)",21:00,8h,05:00,4.9,₹483,"28 Seats
(1 Single)"
Bangalore to Kozhikode,https://www.redbus.in/bus-tickets/bangalore-to-kozhikode,KSRTC (Kerala) - 581,Swift Deluxe Non AC Air Bus (2+2),10:00,7h 45m,17:45,3.8,₹781,15 Seats
Bangalore to Kozhikode,https://www.redbus.in/bus-tickets/bangalore-to-kozhikode,KSRTC (Kerala) - 52,SWIFT-GARUDA A/C SEATER BUS,12:00,8h 5m,20:05,3.6,"₹1,089",33 Seats
Bangalore to Kozhikode,https://www.redbus.in/bus-tickets/bangalore-to-kozhikode,KSRTC (Kerala) - 3848,AC MULTI AXLE,13:47,7h 39m,21:26,4.1,"₹1,253",25 Seats
Bangalore to Kozhikode,https://www.redbus.in/bus-tickets/bangalore-to-kozhikode,KSRTC (Kerala) - 129,SWIFT-GARUDA A/C SEATER BUS,14:15,8h 10m,22:25,3.9,"₹1,089",40 Seats
Bangalore to Kozhikode,https://www.redbus.in/bus-tickets/bangalore-to-kozhikode,KSRTC (Kerala) - 235,Swift Deluxe Non AC Air Bus (2+2),15:00,10h 10m,01:10,4.5,₹853,27 Seats
Bangalore to Kozhikode,https://www.redbus.in/bus-tickets/bangalore-to-kozhikode,KSRTC (Kerala) - 370,AC MULTI AXLE,15:25,8h 5m,23:30,3.3,"₹1,253",35 Seats
Bangalore to Kozhikode,https://www.redbus.in/bus-tickets/bangalore-to-kozhikode,KSRTC (Kerala) - 97,Swift Deluxe Non AC Air Bus (2+2),16:00,8h 10m,00:10,4.1,₹781,32 Seats
Bangalore to Kozhikode,https://www.redbus.in/bus-tickets/bangalore-to-kozhikode,KSRTC (Kerala) - 380,Swift Deluxe Non AC Air Bus (2+2),16:15,8h 5m,00:20,4.4,₹781,28 Seats
Bangalore to Kozhikode,https://www.redbus.in/bus-tickets/bangalore-to-kozhikode,KSRTC (Kerala) - 553,Non AC Seater (2+2),16:45,8h 55m,01:40,3.7,₹883,32 Seats
Bangalore to Kozhikode,https://www.redbus.in/bus-tickets/bangalore-to-kozhikode,KSRTC (Kerala) - 51,Swift Deluxe Non AC Air Bus (2+2),19:00,9h 25m,04:25,4.5,₹883,N/A
Kozhikode to Ernakulam,https://www.redbus.in/bus-tickets/kozhikode-to-ernakulam,KSRTC (Kerala) - 3101,Low Floor AC Seater 2+2,00:05,5h 20m,05:25,4.8,₹422,31 Seats
Kozhikode to Ernakulam,https://www.redbus.in/bus-tickets/kozhikode-to-ernakulam,KSRTC (Kerala) - 3546,Non AC Seater (2+2),00:25,4h 40m,05:05,3.3,₹309,41 Seats
Kozhikode to Ernakulam,https://www.redbus.in/bus-tickets/kozhikode-to-ernakulam,KSRTC (Kerala) - 2072,Non AC Seater (2+2),00:30,4h 20m,04:50,2.6,₹268,44 Seats
Kozhikode to Ernakulam,https://www.redbus.in/bus-tickets/kozhikode-to-ernakulam,KSRTC (Kerala) - 1846,Low Floor AC Seater 2+2,00:30,5h 19m,05:49,4.4,₹383,14 Seats
Kozhikode to Ernakulam,https://www.redbus.in/bus-tickets/kozhikode-to-ernakulam,KSRTC (Kerala) - 2820,Super Fast Non AC Seater (2+3),00:55,4h 55m,05:50,3,₹269,45 Seats
Kozhikode to Ernakulam,https://www.redbus.in/bus-tickets/kozhikode-to-ernakulam,KSRTC (Kerala) - 3863,Super Fast Non AC Seater (2+3),03:20,5h 20m,08:40,3.5,₹249,N/A
Kozhikode to Ernakulam,https://www.redbus.in/bus-tickets/kozhikode-to-ernakulam,KSRTC (Kerala) - 1859,Low Floor AC Seater 2+2,04:30,5h 44m,10:14,4.1,₹383,N/A
Kozhikode to Ernakulam,https://www.redbus.in/bus-tickets/kozhikode-to-ernakulam,KSRTC (Kerala) - 2495,Low Floor AC Seater 2+2,06:00,4h 40m,10:40,2.8,₹383,N/A
Kozhikode to Ernakulam,https://www.redbus.in/bus-tickets/kozhikode-to-ernakulam,KSRTC (Kerala) - 2710,Super Fast Non AC Seater (2+3),07:20,5h 30m,12:50,4.4,₹269,N/A
Kozhikode to Ernakulam,https://www.redbus.in/bus-tickets/kozhikode-to-ernakulam,KSRTC (Kerala) - 3597,Low Floor AC Seater 2+2,08:00,4h 35m,12:35,3.7,₹383,N/A
Kozhikode to Bangalore,https://www.redbus.in/bus-tickets/kozhikode-to-bangalore,KSRTC (Kerala) - 788,Super Fast Non AC Seater (2+3),07:00,8h 20m,15:20,4.6,₹474,13 Seats
Kozhikode to Bangalore,https://www.redbus.in/bus-tickets/kozhikode-to-bangalore,KSRTC (Kerala) - 2132,Swift Deluxe Non AC Air Bus (2+2),07:30,8h 25m,15:55,3.9,₹677,15 Seats
Kozhikode to Bangalore,https://www.redbus.in/bus-tickets/kozhikode-to-bangalore,KSRTC (Kerala) - 580,Swift Deluxe Non AC Air Bus (2+2),08:05,8h 15m,16:20,3.4,₹677,17 Seats
Kozhikode to Bangalore,https://www.redbus.in/bus-tickets/kozhikode-to-bangalore,KSRTC (Kerala) - 573,Garuda Premium,08:25,8h,16:25,4.3,₹914,32 Seats
Kozhikode to Bangalore,https://www.redbus.in/bus-tickets/kozhikode-to-bangalore,KSRTC (Kerala) - 579,Super Fast Non AC Seater (2+3),10:00,7h 45m,17:45,3.4,₹677,26 Seats
Kozhikode to Bangalore,https://www.redbus.in/bus-tickets/kozhikode-to-bangalore,KSRTC (Kerala) - 55,SWIFT-GARUDA A/C SEATER BUS,12:00,8h 10m,20:10,2.8,₹863,36 Seats
Kozhikode to Bangalore,https://www.redbus.in/bus-tickets/kozhikode-to-bangalore,KSRTC (Kerala) - 578,Swift Deluxe Non AC Air Bus (2+2),18:00,9h 5m,03:05,3.7,₹762,39 Seats
Kozhikode to Bangalore,https://www.redbus.in/bus-tickets/kozhikode-to-bangalore,KSRTC (Kerala) - 72,SWIFT-GARUDA A/C SEATER BUS,19:05,9h 20m,04:25,3.9,₹976,37 Seats
Kozhikode to Bangalore,https://www.redbus.in/bus-tickets/kozhikode-to-bangalore,KSRTC (Kerala) - 1583,Swift Deluxe Non AC Air Bus (2+2),20:00,8h 50m,04:50,3.4,₹762,27 Seats
Kozhikode to Bangalore,https://www.redbus.in/bus-tickets/kozhikode-to-bangalore,KSRTC (Kerala) - 234,Swift Deluxe Non AC Air Bus (2+2),21:00,9h 10m,06:10,3.5,₹742,N/A
Ernakulam to Kozhikode,https://www.redbus.in/bus-tickets/ernakulam-to-kozhikode,KSRTC (Kerala) - 4366,Low Floor AC Seater 2+2,02:00,6h 15m,08:15,4.4,₹383,11 Seats
Ernakulam to Kozhikode,https://www.redbus.in/bus-tickets/ernakulam-to-kozhikode,KSRTC (Kerala) - 2897,Low Floor AC Seater 2+2,03:00,6h 15m,09:15,4,₹383,27 Seats
Ernakulam to Kozhikode,https://www.redbus.in/bus-tickets/ernakulam-to-kozhikode,KSRTC (Kerala) - 500,Non AC Seater (2+2),03:44,3h 41m,07:25,3.9,₹309,17 Seats
Ernakulam to Kozhikode,https://www.redbus.in/bus-tickets/ernakulam-to-kozhikode,KSRTC (Kerala) - 2899,Low Floor AC Seater 2+2,04:00,6h 15m,10:15,3.1,₹383,31 Seats
Ernakulam to Kozhikode,https://www.redbus.in/bus-tickets/ernakulam-to-kozhikode,KSRTC (Kerala) - 2386,Low Floor AC Seater 2+2,04:29,5h 41m,10:10,3,₹383,38 Seats
Ernakulam to Kozhikode,https://www.redbus.in/bus-tickets/ernakulam-to-kozhikode,KSRTC (Kerala) - 2901,Low Floor AC Seater 2+2,05:00,6h 15m,11:15,3.9,₹383,38 Seats
Ernakulam to Kozhikode,https://www.redbus.in/bus-tickets/ernakulam-to-kozhikode,KSRTC (Kerala) - 2717,Fast Passenger Non AC Seater (2+3),05:19,5h 46m,11:05,3.5,₹209,N/A
Ernakulam to Kozhikode,https://www.redbus.in/bus-tickets/ernakulam-to-kozhikode,KSRTC (Kerala) - 2809,Super Fast Non AC Seater (2+3),05:55,5h 30m,11:25,2.9,₹269,N/A
Ernakulam to Kozhikode,https://www.redbus.in/bus-tickets/ernakulam-to-kozhikode,KSRTC (Kerala) - 247,Super Fast Non AC Seater (2+3),06:24,5h 21m,11:45,2.5,₹230,N/A
Ernakulam to Kozhikode,https://www.redbus.in/bus-tickets/ernakulam-to-kozhikode,KSRTC (Kerala) - 3322,Low Floor AC Seater 2+2,06:34,5h 26m,12:00,3.9,₹383,N/A
Mysore to Kozhikode,https://www.redbus.in/bus-tickets/mysore-to-kozhikode,KSRTC (Kerala) - 2133,Swift Deluxe Non AC Air Bus (2+2),00:30,6h 50m,07:20,4.8,₹474,16 Seats
Mysore to Kozhikode,https://www.redbus.in/bus-tickets/mysore-to-kozhikode,KSRTC (Kerala) - 574,Non AC Seater (2+2),01:20,8h 15m,09:35,3.8,₹390,26 Seats
Mysore to Kozhikode,https://www.redbus.in/bus-tickets/mysore-to-kozhikode,KSRTC (Kerala) - 583,Swift Deluxe Non AC Air Bus (2+2),01:50,7h 55m,09:45,3.8,₹390,33 Seats
Mysore to Kozhikode,https://www.redbus.in/bus-tickets/mysore-to-kozhikode,KSRTC (Kerala) - 56,SWIFT-GARUDA A/C SEATER BUS,02:00,7h 50m,09:50,3.8,₹494,29 Seats
Mysore to Kozhikode,https://www.redbus.in/bus-tickets/mysore-to-kozhikode,KSRTC (Kerala) - 713,Super Fast Non AC Seater (2+3),04:30,5h 45m,10:15,4.5,₹293,27 Seats
Mysore to Kozhikode,https://www.redbus.in/bus-tickets/mysore-to-kozhikode,KSRTC (Kerala) - 893,Fast Passenger Non AC Seater (2+3),06:02,6h 8m,12:10,4.9,₹288,39 Seats
Mysore to Kozhikode,https://www.redbus.in/bus-tickets/mysore-to-kozhikode,KSRTC (Kerala) - 894,Fast Passenger Non AC Seater (2+3),07:01,6h 10m,13:11,2.9,₹288,34 Seats
Mysore to Kozhikode,https://www.redbus.in/bus-tickets/mysore-to-kozhikode,KSRTC (Kerala) - 933,Fast Passenger Non AC Seater (2+3),09:00,6h 10m,15:10,4,₹288,39 Seats
Mysore to Kozhikode,https://www.redbus.in/bus-tickets/mysore-to-kozhikode,KSRTC (Kerala) - 718,Super Fast Non AC Seater (2+3),10:15,5h 50m,16:05,4.5,₹293,38 Seats
Mysore to Kozhikode,https://www.redbus.in/bus-tickets/mysore-to-kozhikode,KSRTC (Kerala) - 1164,Fast Passenger Non AC Seater (2+3),12:02,6h 33m,18:35,3.3,₹288,N/A
Kozhikode to Mysore,https://www.redbus.in/bus-tickets/kozhikode-to-mysore,KSRTC (Kerala) - 811,Super Fast Non AC Seater (2+3),02:20,6h 5m,08:25,3.8,₹293,34 Seats
Kozhikode to Mysore,https://www.redbus.in/bus-tickets/kozhikode-to-mysore,KSRTC (Kerala) - 1126,Fast Passenger Non AC Seater (2+3),03:16,6h 15m,09:31,3.4,₹288,22 Seats
Kozhikode to Mysore,https://www.redbus.in/bus-tickets/kozhikode-to-mysore,KSRTC (Kerala) - 1127,Fast Passenger Non AC Seater (2+3),05:01,6h 15m,11:16,3.2,₹288,10 Seats
Kozhikode to Mysore,https://www.redbus.in/bus-tickets/kozhikode-to-mysore,KSRTC (Kerala) - 788,Super Fast Non AC Seater (2+3),07:00,5h 30m,12:30,4.3,₹293,15 Seats
Kozhikode to Mysore,https://www.redbus.in/bus-tickets/kozhikode-to-mysore,KSRTC (Kerala) - 2132,Swift Deluxe Non AC Air Bus (2+2),07:30,5h 35m,13:05,4,₹390,15 Seats
Kozhikode to Mysore,https://www.redbus.in/bus-tickets/kozhikode-to-mysore,KSRTC (Kerala) - 580,Swift Deluxe Non AC Air Bus (2+2),08:05,5h 25m,13:30,4.7,₹390,15 Seats
Kozhikode to Mysore,https://www.redbus.in/bus-tickets/kozhikode-to-mysore,KSRTC (Kerala) - 573,Garuda Premium,08:25,5h 40m,14:05,3.1,₹914,32 Seats
Kozhikode to Mysore,https://www.redbus.in/bus-tickets/kozhikode-to-mysore,KSRTC (Kerala) - 791,Super Fast Non AC Seater (2+3),08:45,5h 45m,14:30,4.8,₹293,22 Seats
Kozhikode to Mysore,https://www.redbus.in/bus-tickets/kozhikode-to-mysore,KSRTC (Kerala) - 796,Super Fast Non AC Seater (2+3),09:10,5h 45m,14:55,3.9,₹293,28 Seats
Kozhikode to Mysore,https://www.redbus.in/bus-tickets/kozhikode-to-mysore,KSRTC (Kerala) - 579,Non AC Seater (2+2),10:00,5h 25m,15:25,4,₹390,N/A
Kozhikode to Thiruvananthapuram,https://www.redbus.in/bus-tickets/kozhikode-to-thiruvananthapuram,KSRTC (Kerala) - 1859,Low Floor AC Seater 2+2,04:30,10h 40m,15:10,3.2,₹742,36 Seats
Kozhikode to Thiruvananthapuram,https://www.redbus.in/bus-tickets/kozhikode-to-thiruvananthapuram,KSRTC (Kerala) - 3014,Super Fast Non AC Seater (2+3),09:15,11h 15m,20:30,3.2,₹502,42 Seats
Kozhikode to Thiruvananthapuram,https://www.redbus.in/bus-tickets/kozhikode-to-thiruvananthapuram,KSRTC (Kerala) - 721,Super Fast Non AC Seater (2+3),09:30,12h 40m,22:10,3.2,₹515,44 Seats
Kozhikode to Thiruvananthapuram,https://www.redbus.in/bus-tickets/kozhikode-to-thiruvananthapuram,KSRTC (Kerala) - 3326,Low Floor AC Seater 2+2,10:30,10h 20m,20:50,3.2,₹742,45 Seats
Kozhikode to Thiruvananthapuram,https://www.redbus.in/bus-tickets/kozhikode-to-thiruvananthapuram,KSRTC (Kerala) - 773,Super Fast Non AC Seater (2+3),11:00,12h 5m,23:05,3.2,₹515,44 Seats
Kozhikode to Thiruvananthapuram,https://www.redbus.in/bus-tickets/kozhikode-to-thiruvananthapuram,KSRTC (Kerala) - 3327,Low Floor AC Seater 2+2,11:30,10h 45m,22:15,4.7,₹723,47 Seats
Kozhikode to Thiruvananthapuram,https://www.redbus.in/bus-tickets/kozhikode-to-thiruvananthapuram,KSRTC (Kerala) - 1118,Super Fast Non AC Seater (2+3),11:45,11h 20m,23:05,3.2,₹502,N/A
Kozhikode to Thiruvananthapuram,https://www.redbus.in/bus-tickets/kozhikode-to-thiruvananthapuram,KSRTC (Kerala) - 1927,Low Floor AC Seater 2+2,12:30,10h 30m,23:00,3.2,₹742,N/A
Kozhikode to Thiruvananthapuram,https://www.redbus.in/bus-tickets/kozhikode-to-thiruvananthapuram,KSRTC (Kerala) - 20,Super Fast Non AC Seater (2+3),12:45,11h 10m,23:55,3.2,₹466,N/A
Kozhikode to Thiruvananthapuram,https://www.redbus.in/bus-tickets/kozhikode-to-thiruvananthapuram,KSRTC (Kerala) - 427,Super Fast Non AC Seater (2+3),14:30,11h,01:30,3.5,₹515,N/A
Kozhikode to Thrissur,https://www.redbus.in/bus-tickets/kozhikode-to-thrissur,KSRTC (Kerala) - 3101,Low Floor AC Seater 2+2,00:05,3h 25m,03:30,3.7,₹278,30 Seats
Kozhikode to Thrissur,https://www.redbus.in/bus-tickets/kozhikode-to-thrissur,KSRTC (Kerala) - 3546,Non AC Seater (2+2),00:25,2h 55m,03:20,3.7,₹216,43 Seats
Kozhikode to Thrissur,https://www.redbus.in/bus-tickets/kozhikode-to-thrissur,KSRTC (Kerala) - 1846,Low Floor AC Seater 2+2,00:30,3h 5m,03:35,3.7,₹253,40 Seats
Kozhikode to Thrissur,https://www.redbus.in/bus-tickets/kozhikode-to-thrissur,KSRTC (Kerala) - 4319,Super Fast Non AC Seater (2+3),00:40,3h 10m,03:50,3.7,₹181,35 Seats
Kozhikode to Thrissur,https://www.redbus.in/bus-tickets/kozhikode-to-thrissur,KSRTC (Kerala) - 2820,Super Fast Non AC Seater (2+3),00:55,3h 5m,04:00,3.7,₹181,44 Seats
Kozhikode to Thrissur,https://www.redbus.in/bus-tickets/kozhikode-to-thrissur,KSRTC (Kerala) - 2875,Fast Passenger Non AC Seater (2+3),02:40,3h 35m,06:15,3.7,₹174,47 Seats
Kozhikode to Thrissur,https://www.redbus.in/bus-tickets/kozhikode-to-thrissur,KSRTC (Kerala) - 3863,Super Fast Non AC Seater (2+3),03:20,3h 5m,06:25,3.7,₹161,27 Seats
Kozhikode to Thrissur,https://www.redbus.in/bus-tickets/kozhikode-to-thrissur,KSRTC (Kerala) - 1859,Low Floor AC Seater 2+2,04:30,3h 20m,07:50,2.6,₹253,N/A
Kozhikode to Thrissur,https://www.redbus.in/bus-tickets/kozhikode-to-thrissur,KSRTC (Kerala) - 3956,Super Fast Non AC Seater (2+3),05:00,3h 5m,08:05,3.4,₹181,N/A
Kozhikode to Thrissur,https://www.redbus.in/bus-tickets/kozhikode-to-thrissur,KSRTC (Kerala) - 2392,Low Floor AC Seater 2+2,05:30,3h 20m,08:50,2.3,₹253,N/A
Thrissur to Kozhikode,https://www.redbus.in/bus-tickets/thrissur-to-kozhikode,KSRTC (Kerala) - 672,Super Fast Non AC Seater (2+3),01:20,3h 5m,04:25,3.4,₹181,13 Seats
Thrissur to Kozhikode,https://www.redbus.in/bus-tickets/thrissur-to-kozhikode,KSRTC (Kerala) - 2690,Super Fast Non AC Seater (2+3),02:30,3h 5m,05:35,1.7,₹181,44 Seats
Thrissur to Kozhikode,https://www.redbus.in/bus-tickets/thrissur-to-kozhikode,KSRTC (Kerala) - 795,Super Fast Non AC Seater (2+3),03:45,3h 35m,07:20,4,₹181,13 Seats
Thrissur to Kozhikode,https://www.redbus.in/bus-tickets/thrissur-to-kozhikode,KSRTC (Kerala) - 4382,Swift Deluxe Non AC Air Bus (2+2),04:20,2h 40m,07:00,3.4,₹216,47 Seats
Thrissur to Kozhikode,https://www.redbus.in/bus-tickets/thrissur-to-kozhikode,KSRTC (Kerala) - 4366,Low Floor AC Seater 2+2,04:55,3h 20m,08:15,3.4,₹253,15 Seats
Thrissur to Kozhikode,https://www.redbus.in/bus-tickets/thrissur-to-kozhikode,KSRTC (Kerala) - 500,Non AC Seater (2+2),05:15,2h 10m,07:25,4.3,₹216,36 Seats
Thrissur to Kozhikode,https://www.redbus.in/bus-tickets/thrissur-to-kozhikode,KSRTC (Kerala) - 1860,Low Floor AC Seater 2+2,05:40,3h 20m,09:00,4.8,₹253,N/A
Thrissur to Kozhikode,https://www.redbus.in/bus-tickets/thrissur-to-kozhikode,KSRTC (Kerala) - 796,Super Fast Non AC Seater (2+3),05:45,3h 25m,09:10,3.1,₹181,N/A
Thrissur to Kozhikode,https://www.redbus.in/bus-tickets/thrissur-to-kozhikode,KSRTC (Kerala) - 2897,Low Floor AC Seater 2+2,05:55,3h 20m,09:15,4.7,₹253,N/A
Thrissur to Kozhikode,https://www.redbus.in/bus-tickets/thrissur-to-kozhikode,KSRTC (Kerala) - 2715,Super Fast Non AC Seater (2+3),06:20,3h 40m,10:00,3.4,₹181,N/A
Hyderabad to Vijayawada,https://www.redbus.in/bus-tickets/hyderabad-to-vijayawada,APSRTC - 35188,VENNELA (A.C. SLEEPER),00:40,6h 5m,06:45,4.4,₹737,"15 Seats
(2 Single)"
Hyderabad to Vijayawada,https://www.redbus.in/bus-tickets/hyderabad-to-vijayawada,APSRTC - 3563,"SUPER LUXURY (NON-AC, 2 + 2 PUSH BACK)",01:00,6h 15m,07:15,3.6,₹448,32 Seats
Hyderabad to Vijayawada,https://www.redbus.in/bus-tickets/hyderabad-to-vijayawada,APSRTC - 35266,VENNELA (A.C. SLEEPER),01:25,6h 5m,07:30,2.9,₹737,"20 Seats
(6 Single)"
Hyderabad to Vijayawada,https://www.redbus.in/bus-tickets/hyderabad-to-vijayawada,APSRTC - 3590,"SUPER LUXURY (NON-AC, 2 + 2 PUSH BACK)",01:45,6h 15m,08:00,3.5,₹412,33 Seats
Hyderabad to Vijayawada,https://www.redbus.in/bus-tickets/hyderabad-to-vijayawada,APSRTC - 3058,VENNELA (A.C. SLEEPER),02:10,6h 5m,08:15,4,₹737,"23 Seats
(7 Single)"
Hyderabad to Vijayawada,https://www.redbus.in/bus-tickets/hyderabad-to-vijayawada,APSRTC - 3548,"SUPER LUXURY (NON-AC, 2 + 2 PUSH BACK)",03:00,6h 20m,09:20,4.2,₹412,32 Seats
Hyderabad to Vijayawada,https://www.redbus.in/bus-tickets/hyderabad-to-vijayawada,APSRTC - 35197,AMARAVATHI (VOLVO / SCANIA A.C Multi Axle),03:10,5h 50m,09:00,4.2,₹683,35 Seats
Hyderabad to Vijayawada,https://www.redbus.in/bus-tickets/hyderabad-to-vijayawada,APSRTC - 35190,DOLPHIN CRUISE (VOLVO / SCANIA A.C Multi Axle),04:10,5h 55m,10:05,3.3,₹670,33 Seats
Hyderabad to Vijayawada,https://www.redbus.in/bus-tickets/hyderabad-to-vijayawada,APSRTC - 3558,DOLPHIN CRUISE (VOLVO / SCANIA A.C Multi Axle),04:20,5h 25m,09:45,4.2,₹720,30 Seats
Hyderabad to Vijayawada,https://www.redbus.in/bus-tickets/hyderabad-to-vijayawada,APSRTC - 3540,"SUPER LUXURY (NON-AC, 2 + 2 PUSH BACK)",04:45,7h 20m,12:05,3.5,₹412,N/A
Khammam to Hyderabad,https://www.redbus.in/bus-tickets/khammam-to-hyderabad,TGSRTC - 8935,"SUPER LUXURY (NON-AC, 2 + 2 PUSH BACK)",00:15,4h 5m,04:20,3.7,₹320,28 Seats
Khammam to Hyderabad,https://www.redbus.in/bus-tickets/khammam-to-hyderabad,TGSRTC - 8600,"SUPER LUXURY (NON-AC, 2 + 2 PUSH BACK)",00:15,5h 5m,05:20,4.7,₹320,23 Seats
Khammam to Hyderabad,https://www.redbus.in/bus-tickets/khammam-to-hyderabad,TGSRTC - 8987,"SUPER LUXURY (NON-AC, 2 + 2 PUSH BACK)",00:25,5h 55m,06:20,4.6,₹320,31 Seats
Khammam to Hyderabad,https://www.redbus.in/bus-tickets/khammam-to-hyderabad,TGSRTC - 8989,"SUPER LUXURY (NON-AC, 2 + 2 PUSH BACK)",00:25,4h 20m,04:45,3.7,₹320,28 Seats
Khammam to Hyderabad,https://www.redbus.in/bus-tickets/khammam-to-hyderabad,TGSRTC - 8925,"SUPER LUXURY (NON-AC, 2 + 2 PUSH BACK)",00:30,4h 30m,05:00,3.7,₹320,12 Seats
Khammam to Hyderabad,https://www.redbus.in/bus-tickets/khammam-to-hyderabad,TGSRTC - 8615,Rajdhani (AC Semi Sleeper 2+2),03:15,5h,08:15,4.1,₹389,11 Seats
Khammam to Hyderabad,https://www.redbus.in/bus-tickets/khammam-to-hyderabad,TGSRTC - 1976,"SUPER LUXURY (NON-AC, 2 + 2 PUSH BACK)",03:20,2h 55m,06:15,1.2,₹321,12 Seats
Khammam to Hyderabad,https://www.redbus.in/bus-tickets/khammam-to-hyderabad,TGSRTC - 8653,Rajdhani (AC Semi Sleeper 2+2),04:00,3h,07:00,3.9,₹389,10 Seats
Khammam to Hyderabad,https://www.redbus.in/bus-tickets/khammam-to-hyderabad,TGSRTC - 8611,"SUPER LUXURY (NON-AC, 2 + 2 PUSH BACK)",04:30,3h 40m,08:10,3.7,₹320,N/A
Khammam to Hyderabad,https://www.redbus.in/bus-tickets/khammam-to-hyderabad,TGSRTC - 8688,Rajdhani (AC Semi Sleeper 2+2),04:45,3h,07:45,3.3,₹389,N/A
Hyderabad to Khammam,https://www.redbus.in/bus-tickets/hyderabad-to-khammam,TGSRTC - 4173,Rajdhani (AC Semi Sleeper 2+2),00:05,4h 55m,05:00,4.5,₹389,"22 Seats
(1 Single)"
Hyderabad to Khammam,https://www.redbus.in/bus-tickets/hyderabad-to-khammam,TGSRTC - 8614,"SUPER LUXURY (NON-AC, 2 + 2 PUSH BACK)",00:10,5h 10m,05:20,2.4,₹320,22 Seats
Hyderabad to Khammam,https://www.redbus.in/bus-tickets/hyderabad-to-khammam,TGSRTC - 8678,"SUPER LUXURY (NON-AC, 2 + 2 PUSH BACK)",01:30,5h 30m,07:00,4.2,₹320,30 Seats
Hyderabad to Khammam,https://www.redbus.in/bus-tickets/hyderabad-to-khammam,TGSRTC - 8865,"SUPER LUXURY (NON-AC, 2 + 2 PUSH BACK)",01:30,4h,05:30,4,₹320,29 Seats
Hyderabad to Khammam,https://www.redbus.in/bus-tickets/hyderabad-to-khammam,TGSRTC - 6915,Deluxe (Non AC Seater 2+2),04:00,4h 30m,08:30,3.8,₹281,35 Seats
Hyderabad to Khammam,https://www.redbus.in/bus-tickets/hyderabad-to-khammam,TGSRTC - 4167,Rajdhani (AC Semi Sleeper 2+2),04:15,3h 30m,07:45,4.7,₹389,"28 Seats
(1 Single)"
Hyderabad to Khammam,https://www.redbus.in/bus-tickets/hyderabad-to-khammam,TGSRTC - 1318,LAHARI A/C SLEEPER CUM SEATER,04:40,5h,09:40,3.2,₹389,"41 Seats
(10 Single)"
Hyderabad to Khammam,https://www.redbus.in/bus-tickets/hyderabad-to-khammam,TGSRTC - 64643,"SUPER LUXURY (NON-AC, 2 + 2 PUSH BACK)",04:45,4h 15m,09:00,4.7,₹320,31 Seats
Hyderabad to Khammam,https://www.redbus.in/bus-tickets/hyderabad-to-khammam,TGSRTC - 64023,Rajdhani (AC Semi Sleeper 2+2),05:00,5h 15m,10:15,4.7,₹389,"29 Seats
(1 Single)"
Hyderabad to Khammam,https://www.redbus.in/bus-tickets/hyderabad-to-khammam,TGSRTC - 8674,Rajdhani (AC Semi Sleeper 2+2),05:00,3h 30m,08:30,3.9,₹389,"31 Seats
(1 Single)"
Hyderabad to Srisailam,https://www.redbus.in/bus-tickets/hyderabad-to-srisailam,TGSRTC - 1393,"SUPER LUXURY (NON-AC, 2 + 2 PUSH BACK)",02:30,7h,09:30,4,₹431,30 Seats
Hyderabad to Srisailam,https://www.redbus.in/bus-tickets/hyderabad-to-srisailam,TGSRTC - 9641,"SUPER LUXURY (NON-AC, 2 + 2 PUSH BACK)",02:40,8h,10:40,3.4,₹431,31 Seats
Hyderabad to Srisailam,https://www.redbus.in/bus-tickets/hyderabad-to-srisailam,,,,,,,,
Hyderabad to Srisailam,https://www.redbus.in/bus-tickets/hyderabad-to-srisailam,,,,,,,,
Hyderabad to Srisailam,https://www.redbus.in/bus-tickets/hyderabad-to-srisailam,,,,,,,,
Hyderabad to Srisailam,https://www.redbus.in/bus-tickets/hyderabad-to-srisailam,,,,,,,,
Hyderabad to Srisailam,https://www.redbus.in/bus-tickets/hyderabad-to-srisailam,,,,,,,,
Hyderabad to Srisailam,https://www.redbus.in/bus-tickets/hyderabad-to-srisailam,,,,,,,,
Hyderabad to Srisailam,https://www.redbus.in/bus-tickets/hyderabad-to-srisailam,,,,,,,,
Hyderabad to Srisailam,https://www.redbus.in/bus-tickets/hyderabad-to-srisailam,,,,,,,,
Karimnagar to Hyderabad,https://www.redbus.in/bus-tickets/karimnagar-to-hyderabad,TGSRTC - 7001,e-SUP LUXURY (2+2),01:00,3h,04:00,3.7,₹260,34 Seats
Karimnagar to Hyderabad,https://www.redbus.in/bus-tickets/karimnagar-to-hyderabad,TGSRTC - 9508,Rajdhani (AC Semi Sleeper 2+2),01:30,3h,04:30,3.7,₹315,11 Seats
Karimnagar to Hyderabad,https://www.redbus.in/bus-tickets/karimnagar-to-hyderabad,TGSRTC - 7375,"SUPER LUXURY (NON-AC, 2 + 2 PUSH BACK)",01:55,3h 35m,05:30,3.7,₹260,29 Seats
Karimnagar to Hyderabad,https://www.redbus.in/bus-tickets/karimnagar-to-hyderabad,TGSRTC - 7003,e-SUP LUXURY (2+2),02:00,3h,05:00,3.3,₹260,35 Seats
Karimnagar to Hyderabad,https://www.redbus.in/bus-tickets/karimnagar-to-hyderabad,TGSRTC - 7005,e-SUP LUXURY (2+2),02:50,3h,05:50,2.8,₹260,28 Seats
Karimnagar to Hyderabad,https://www.redbus.in/bus-tickets/karimnagar-to-hyderabad,TGSRTC - 7007,e-SUP LUXURY (2+2),03:10,3h,06:10,4.2,₹260,18 Seats
Karimnagar to Hyderabad,https://www.redbus.in/bus-tickets/karimnagar-to-hyderabad,TGSRTC - 7009,e-SUP LUXURY (2+2),03:30,3h,06:30,4.2,₹260,11 Seats
Karimnagar to Hyderabad,https://www.redbus.in/bus-tickets/karimnagar-to-hyderabad,TGSRTC - 7011,e-SUP LUXURY (2+2),04:00,3h,07:00,3.8,₹260,13 Seats
Karimnagar to Hyderabad,https://www.redbus.in/bus-tickets/karimnagar-to-hyderabad,TGSRTC - 7013,e-SUP LUXURY (2+2),04:30,3h,07:30,3.4,₹260,N/A
Karimnagar to Hyderabad,https://www.redbus.in/bus-tickets/karimnagar-to-hyderabad,TGSRTC - 7015,e-SUP LUXURY (2+2),04:55,3h 5m,08:00,4.2,₹260,N/A
Hyderabad to Karimnagar,https://www.redbus.in/bus-tickets/hyderabad-to-karimnagar,TGSRTC - 7064,e-SUP LUXURY (2+2),00:30,3h,03:30,2.1,₹260,35 Seats
Hyderabad to Karimnagar,https://www.redbus.in/bus-tickets/hyderabad-to-karimnagar,TGSRTC - 7299,"SUPER LUXURY (NON-AC, 2 + 2 PUSH BACK)",00:55,3h 45m,04:40,3.5,₹260,31 Seats
Hyderabad to Karimnagar,https://www.redbus.in/bus-tickets/hyderabad-to-karimnagar,TGSRTC - 7066,e-SUP LUXURY (2+2),01:10,3h,04:10,3.5,₹260,36 Seats
Hyderabad to Karimnagar,https://www.redbus.in/bus-tickets/hyderabad-to-karimnagar,TGSRTC - 7068,e-SUP LUXURY (2+2),01:50,3h,04:50,3.5,₹260,36 Seats
Hyderabad to Karimnagar,https://www.redbus.in/bus-tickets/hyderabad-to-karimnagar,TGSRTC - 7070,e-SUP LUXURY (2+2),03:20,3h,06:20,3.1,₹260,36 Seats
Hyderabad to Karimnagar,https://www.redbus.in/bus-tickets/hyderabad-to-karimnagar,TGSRTC - 7291,LAHARI A/C SLEEPER CUM SEATER,04:00,3h 15m,07:15,1.2,₹343,"34 Seats
(5 Single)"
Hyderabad to Karimnagar,https://www.redbus.in/bus-tickets/hyderabad-to-karimnagar,TGSRTC - 7072,e-SUP LUXURY (2+2),04:00,3h,07:00,3.5,₹260,36 Seats
Hyderabad to Karimnagar,https://www.redbus.in/bus-tickets/hyderabad-to-karimnagar,TGSRTC - 7809,LAHARI A/C SLEEPER CUM SEATER,04:30,3h 35m,08:05,1.7,₹315,"34 Seats
(8 Single)"
Hyderabad to Karimnagar,https://www.redbus.in/bus-tickets/hyderabad-to-karimnagar,TGSRTC - 7689,"SUPER LUXURY (NON-AC, 2 + 2 PUSH BACK)",05:35,3h 45m,09:20,3.1,₹260,30 Seats
Hyderabad to Karimnagar,https://www.redbus.in/bus-tickets/hyderabad-to-karimnagar,TGSRTC - 7002,"SUPER LUXURY (NON-AC, 2 + 2 PUSH BACK)",06:00,3h,09:00,4.5,₹260,30 Seats
Hyderabad to Adilabad,https://www.redbus.in/bus-tickets/hyderabad-to-adilabad,TGSRTC - 7918,"SUPER LUXURY (NON-AC, 2 + 2 PUSH BACK)",04:15,7h 25m,11:40,4.1,₹481,26 Seats
Hyderabad to Adilabad,https://www.redbus.in/bus-tickets/hyderabad-to-adilabad,TGSRTC - 7938,Rajdhani (AC Semi Sleeper 2+2),07:00,5h,12:00,3.6,₹584,27 Seats
Hyderabad to Adilabad,https://www.redbus.in/bus-tickets/hyderabad-to-adilabad,TGSRTC - 1137,Rajdhani (AC Semi Sleeper 2+2),07:30,5h 50m,13:20,2.8,₹584,30 Seats
Hyderabad to Adilabad,https://www.redbus.in/bus-tickets/hyderabad-to-adilabad,TGSRTC - 7930,"SUPER LUXURY (NON-AC, 2 + 2 PUSH BACK)",07:30,7h 25m,14:55,3.6,₹481,26 Seats
Hyderabad to Adilabad,https://www.redbus.in/bus-tickets/hyderabad-to-adilabad,TGSRTC - 7928,"SUPER LUXURY (NON-AC, 2 + 2 PUSH BACK)",08:15,7h 25m,15:40,3.6,₹481,30 Seats
Hyderabad to Adilabad,https://www.redbus.in/bus-tickets/hyderabad-to-adilabad,TGSRTC - 1670,"SUPER LUXURY (NON-AC, 2 + 2 PUSH BACK)",10:00,6h,16:00,3.6,₹481,28 Seats
Hyderabad to Adilabad,https://www.redbus.in/bus-tickets/hyderabad-to-adilabad,TGSRTC - 7922,"SUPER LUXURY (NON-AC, 2 + 2 PUSH BACK)",10:00,7h 25m,17:25,4.3,₹481,31 Seats
Hyderabad to Adilabad,https://www.redbus.in/bus-tickets/hyderabad-to-adilabad,TGSRTC - 7916,Lahari Non A/C Sleeper Cum Seater,10:30,7h 25m,17:55,4,₹481,"43 Seats
(16 Single)"
Hyderabad to Adilabad,https://www.redbus.in/bus-tickets/hyderabad-to-adilabad,TGSRTC - 7944,LAHARI A/C SLEEPER CUM SEATER,11:15,7h 25m,18:40,4.7,₹584,"44 Seats
(16 Single)"
Hyderabad to Adilabad,https://www.redbus.in/bus-tickets/hyderabad-to-adilabad,TGSRTC - 7924,"SUPER LUXURY (NON-AC, 2 + 2 PUSH BACK)",13:10,7h 25m,20:35,4.8,₹481,31 Seats
Hyderabad to Mancherial,https://www.redbus.in/bus-tickets/hyderabad-to-mancherial,TGSRTC - 8176,"SUPER LUXURY (NON-AC, 2 + 2 PUSH BACK)",04:15,6h 5m,10:20,3.6,₹391,29 Seats
Hyderabad to Mancherial,https://www.redbus.in/bus-tickets/hyderabad-to-mancherial,TGSRTC - 8071,"SUPER LUXURY (NON-AC, 2 + 2 PUSH BACK)",06:00,6h 25m,12:25,4.2,₹406,25 Seats
Hyderabad to Mancherial,https://www.redbus.in/bus-tickets/hyderabad-to-mancherial,TGSRTC - 8075,"SUPER LUXURY (NON-AC, 2 + 2 PUSH BACK)",06:30,6h 30m,13:00,3.6,₹406,31 Seats
Hyderabad to Mancherial,https://www.redbus.in/bus-tickets/hyderabad-to-mancherial,TGSRTC - 8097,"SUPER LUXURY (NON-AC, 2 + 2 PUSH BACK)",06:45,6h 5m,12:50,3.6,₹391,31 Seats
Hyderabad to Mancherial,https://www.redbus.in/bus-tickets/hyderabad-to-mancherial,TGSRTC - 8173,"SUPER LUXURY (NON-AC, 2 + 2 PUSH BACK)",07:00,6h 5m,13:05,3.6,₹391,31 Seats
Hyderabad to Mancherial,https://www.redbus.in/bus-tickets/hyderabad-to-mancherial,TGSRTC - 8061,"SUPER LUXURY (NON-AC, 2 + 2 PUSH BACK)",07:20,6h 30m,13:50,3.6,₹406,31 Seats
Hyderabad to Mancherial,https://www.redbus.in/bus-tickets/hyderabad-to-mancherial,TGSRTC - 8189,"SUPER LUXURY (NON-AC, 2 + 2 PUSH BACK)",08:00,5h 50m,13:50,3.6,₹391,31 Seats
Hyderabad to Mancherial,https://www.redbus.in/bus-tickets/hyderabad-to-mancherial,TGSRTC - 8055,LAHARI A/C SLEEPER CUM SEATER,08:30,6h 30m,15:00,3.4,₹492,"44 Seats
(16 Single)"
Hyderabad to Mancherial,https://www.redbus.in/bus-tickets/hyderabad-to-mancherial,TGSRTC - 8063,"SUPER LUXURY (NON-AC, 2 + 2 PUSH BACK)",09:30,6h 30m,16:00,2.8,₹406,31 Seats
Hyderabad to Mancherial,https://www.redbus.in/bus-tickets/hyderabad-to-mancherial,TGSRTC - 8077,"SUPER LUXURY (NON-AC, 2 + 2 PUSH BACK)",10:30,6h 30m,17:00,3.6,₹406,31 Seats
Kothagudem to Hyderabad,https://www.redbus.in/bus-tickets/kothagudem-to-hyderabad,TGSRTC - 8879,"SUPER LUXURY (NON-AC, 2 + 2 PUSH BACK)",00:15,6h 5m,06:20,3.5,₹451,30 Seats
Kothagudem to Hyderabad,https://www.redbus.in/bus-tickets/kothagudem-to-hyderabad,TGSRTC - 64187,"SUPER LUXURY (NON-AC, 2 + 2 PUSH BACK)",04:15,5h 55m,10:10,2.7,₹451,27 Seats
Kothagudem to Hyderabad,https://www.redbus.in/bus-tickets/kothagudem-to-hyderabad,TGSRTC - 34335,"SUPER LUXURY (NON-AC, 2 + 2 PUSH BACK)",04:30,6h 15m,10:45,3.5,₹451,29 Seats
Kothagudem to Hyderabad,https://www.redbus.in/bus-tickets/kothagudem-to-hyderabad,TGSRTC - 8868,"SUPER LUXURY (NON-AC, 2 + 2 PUSH BACK)",04:50,5h 45m,10:35,3.5,₹451,31 Seats
Kothagudem to Hyderabad,https://www.redbus.in/bus-tickets/kothagudem-to-hyderabad,TGSRTC - 8707,"SUPER LUXURY (NON-AC, 2 + 2 PUSH BACK)",05:30,6h,11:30,3.5,₹451,31 Seats
Kothagudem to Hyderabad,https://www.redbus.in/bus-tickets/kothagudem-to-hyderabad,TGSRTC - 1954,LAHARI A/C SLEEPER CUM SEATER,05:35,4h 25m,10:00,1.8,₹548,"18 Seats
(6 Single)"
Kothagudem to Hyderabad,https://www.redbus.in/bus-tickets/kothagudem-to-hyderabad,TGSRTC - 8795,Rajdhani (AC Semi Sleeper 2+2),06:30,6h,12:30,3.5,₹548,"31 Seats
(1 Single)"
Kothagudem to Hyderabad,https://www.redbus.in/bus-tickets/kothagudem-to-hyderabad,TGSRTC - 8773,"SUPER LUXURY (NON-AC, 2 + 2 PUSH BACK)",07:00,6h,13:00,3.5,₹451,27 Seats
Kothagudem to Hyderabad,https://www.redbus.in/bus-tickets/kothagudem-to-hyderabad,TGSRTC - 8954,"SUPER LUXURY (NON-AC, 2 + 2 PUSH BACK)",08:05,6h 5m,14:10,3.5,₹451,28 Seats
Kothagudem to Hyderabad,https://www.redbus.in/bus-tickets/kothagudem-to-hyderabad,TGSRTC - 34339,Rajdhani (AC Semi Sleeper 2+2),08:20,5h 55m,14:15,3.5,₹548,31 Seats
Hyderabad to Ongole,https://www.redbus.in/bus-tickets/hyderabad-to-ongole,APSRTC - 45776,"SUPER LUXURY (NON-AC, 2 + 2 PUSH BACK)",06:30,8h 10m,14:40,3.9,₹555,24 Seats
Hyderabad to Ongole,https://www.redbus.in/bus-tickets/hyderabad-to-ongole,APSRTC - 5870,"SUPER LUXURY (NON-AC, 2 + 2 PUSH BACK)",18:30,9h 30m,04:00,4.8,₹522,31 Seats
Hyderabad to Ongole,https://www.redbus.in/bus-tickets/hyderabad-to-ongole,APSRTC - 5070,"SUPER LUXURY (NON-AC, 2 + 2 PUSH BACK)",18:45,8h 40m,03:25,1.4,₹524,26 Seats
Hyderabad to Ongole,https://www.redbus.in/bus-tickets/hyderabad-to-ongole,APSRTC - 48821,"SUPER LUXURY (NON-AC, 2 + 2 PUSH BACK)",19:00,9h 15m,04:15,4.2,₹522,20 Seats
Hyderabad to Ongole,https://www.redbus.in/bus-tickets/hyderabad-to-ongole,APSRTC - 5859,"SUPER LUXURY (NON-AC, 2 + 2 PUSH BACK)",19:00,9h,04:00,3.5,₹522,"34 Seats
(1 Single)"
Hyderabad to Ongole,https://www.redbus.in/bus-tickets/hyderabad-to-ongole,APSRTC - 5054,"SUPER LUXURY (NON-AC, 2 + 2 PUSH BACK)",19:15,9h 45m,05:00,3.8,₹524,11 Seats
Hyderabad to Ongole,https://www.redbus.in/bus-tickets/hyderabad-to-ongole,APSRTC - 5867,"SUPER LUXURY (NON-AC, 2 + 2 PUSH BACK)",19:30,11h 30m,07:00,3.8,₹602,14 Seats
Hyderabad to Ongole,https://www.redbus.in/bus-tickets/hyderabad-to-ongole,APSRTC - 5994,"SUPER LUXURY (NON-AC, 2 + 2 PUSH BACK)",19:30,10h 15m,05:45,4.3,₹522,31 Seats
Hyderabad to Ongole,https://www.redbus.in/bus-tickets/hyderabad-to-ongole,APSRTC - 5181,"SUPER LUXURY (NON-AC, 2 + 2 PUSH BACK)",19:40,9h,04:40,2.7,₹524,30 Seats
Hyderabad to Ongole,https://www.redbus.in/bus-tickets/hyderabad-to-ongole,APSRTC - 5922,"SUPER LUXURY (NON-AC, 2 + 2 PUSH BACK)",19:45,9h 20m,05:05,3.7,₹522,26 Seats
Durgapur (West Bengal) to Kolkata,https://www.redbus.in/bus-tickets/durgapur-to-kolkata,SBSTC-DURGAPUR-KARUNAMOYEE 05:15 (DGP DEPOT) - DGPKNMY-U/05-00,Express(Non AC Seater),05:15,3h 15m,08:30,4.3,₹155,13 Seats
Durgapur (West Bengal) to Kolkata,https://www.redbus.in/bus-tickets/durgapur-to-kolkata,SBSTC-DURGAPUR-KARUNAMOYEE 06:15 (DGP DEPOT) - DGPKNMY-U/06-15,Express(Non AC Seater),06:15,2h 59m,09:14,3.8,₹155,15 Seats
Durgapur (West Bengal) to Kolkata,https://www.redbus.in/bus-tickets/durgapur-to-kolkata,SBSTC-CITY CENTRE-KARUNAMOYEE AC 06-30 (DGP DEP) - KARUNAC-U/06-30,A/C Seater (2+2),06:30,3h 15m,09:45,4,₹300,22 Seats
Durgapur (West Bengal) to Kolkata,https://www.redbus.in/bus-tickets/durgapur-to-kolkata,SBSTC-BANKURA-KARUNAMOYEE A/C 05:15 (BNK DEPOT) - KMOYE AC DAY-U/05-00,A/C Seater (2+2),06:35,3h 40m,10:15,2.6,₹300,17 Seats
Durgapur (West Bengal) to Kolkata,https://www.redbus.in/bus-tickets/durgapur-to-kolkata,SBSTC-ASANSOL TO KARUNAMOYEE AC 06:45 (ASN DEPOT) - KMOYEEAC-U/06-45,A/C Seater (2+2),07:45,3h 55m,11:40,3.2,₹300,32 Seats
Durgapur (West Bengal) to Kolkata,https://www.redbus.in/bus-tickets/durgapur-to-kolkata,SBSTC-PURULIA-KOLKATA -04:45 (VIA BNK) L/S - KOL JHUM-D/04-45,Express(Non AC Seater),08:00,4h,12:00,3.8,₹155,47 Seats
Durgapur (West Bengal) to Kolkata,https://www.redbus.in/bus-tickets/durgapur-to-kolkata,SBSTC-CHITTRANJAN-HALDIA VIA-KOLKATA 05:40 (HAL DEPOT) - H06 N/H-D/05-50,Express(Non AC Seater),08:20,5h 10m,13:30,3.8,₹150,52 Seats
Durgapur (West Bengal) to Kolkata,https://www.redbus.in/bus-tickets/durgapur-to-kolkata,SBSTC-BANKURA - KARUNAMOYEE - 07:30 (BNK DEPOT) - KMOYE 2-U/07-30,Express(Non AC Seater),09:20,3h 10m,12:30,4.1,₹155,44 Seats
Durgapur (West Bengal) to Kolkata,https://www.redbus.in/bus-tickets/durgapur-to-kolkata,SBSTC-PURULIA-KOLKATA-06:10(VIA ASN)PRL DEPOT - KOL TUSU-D/06-10,Express(Non AC Seater),09:45,3h 30m,13:15,3.8,₹150,52 Seats
Durgapur (West Bengal) to Kolkata,https://www.redbus.in/bus-tickets/durgapur-to-kolkata,SBSTC-ASANSOL - KARUNAMOYEE - 08:35 (ASN DEPOT) - K.MOYEE-4-U/08-45,Express(Non AC Seater),09:45,4h 50m,14:35,3.6,₹155,52 Seats
Kolkata to Burdwan,https://www.redbus.in/bus-tickets/kolkata-to-burdwan,SBSTC-KOLKATA-NAGAR VIA-BURDWAN 05:45 (HOW DEPOT) - KOLKATA TO NAGAR-U/,Express(Non AC Seater),05:45,38m,06:23,3.8,₹95,52 Seats
Kolkata to Burdwan,https://www.redbus.in/bus-tickets/kolkata-to-burdwan,SBSTC-KOLKATA-ASANSOL L/S 06:00(HOW DEPOT) - ASANSOL LS-D/06-00,Express(Non AC Seater),06:00,2h,08:00,3.8,₹95,49 Seats
Kolkata to Burdwan,https://www.redbus.in/bus-tickets/kolkata-to-burdwan,SBSTC-KOLKATA - RAMPURHAT - VIA - TARAPITH - 12:20 - TARA/KOL 1-D/14-00,Express(Non AC Seater),12:20,2h,14:20,3.8,₹95,52 Seats
Kolkata to Burdwan,https://www.redbus.in/bus-tickets/kolkata-to-burdwan,SBSTC-KOLKATA - RAMPURHAT - VIA - TARAPITH - 14:00 - TARA/KOL 2-D/15-20,Express(Non AC Seater),14:00,2h,16:00,3.8,₹95,52 Seats
Kolkata to Burdwan,https://www.redbus.in/bus-tickets/kolkata-to-burdwan,SBSTC-KOLKATA - RAMPURHAT - VIA - TARAPITH - 15:10 - TARA/KOL 1-D/16-00,Express(Non AC Seater),15:10,2h,17:10,3.8,₹95,52 Seats
Kolkata to Durgapur (West Bengal),https://www.redbus.in/bus-tickets/kolkata-to-durgapur,SBSTC-KOLKATA-PURULIA-VIA-ASN-05:00(PRL DEPOT) - KOL KANS-D/05-00,Express(Non AC Seater),05:00,27h 15m,08:15,4.4,₹150,51 Seats
Kolkata to Durgapur (West Bengal),https://www.redbus.in/bus-tickets/kolkata-to-durgapur,SBSTC-KARUNAMOYEE-ASANSOL 05:15 (ASN DEPOT) - KMOY-N/H1-D/05-15,Express(Non AC Seater),05:15,3h 40m,08:55,3.3,₹155,46 Seats
Kolkata to Durgapur (West Bengal),https://www.redbus.in/bus-tickets/kolkata-to-durgapur,SBSTC-KOLKATA-ASANSOL- 05:30(HOWRAH DEPOT) - ASANSOL 1-D/05-30,Express(Non AC Seater),05:30,4h,09:30,3.8,₹150,52 Seats
Kolkata to Durgapur (West Bengal),https://www.redbus.in/bus-tickets/kolkata-to-durgapur,SBSTC-KARUNAMOYEE - BANKURA - VIA - DURGAPUR - 05:40 - KMOYE1 NH-D/05-40,Express(Non AC Seater),05:40,3h 40m,09:20,4.3,₹155,30 Seats
Kolkata to Durgapur (West Bengal),https://www.redbus.in/bus-tickets/kolkata-to-durgapur,SBSTC-KOLKATA-ASANSOL L/S 06:00(HOW DEPOT) - ASANSOL LS-D/06-00,Express(Non AC Seater),06:00,3h 30m,09:30,2.2,₹145,52 Seats
Kolkata to Durgapur (West Bengal),https://www.redbus.in/bus-tickets/kolkata-to-durgapur,SBSTC-KARUNAMOYEE-ASANSOL 06:00 (ASN DEPOT) - K Moy-N/H3-D/08-30,Express(Non AC Seater),06:00,3h 36m,09:36,4.5,₹155,45 Seats
Kolkata to Durgapur (West Bengal),https://www.redbus.in/bus-tickets/kolkata-to-durgapur,SBSTC-KARUNAMOYEE - ASANSOL - 06:15 (BEL DEPOT) - L-21-U/06-15,Express(Non AC Seater),06:15,3h 45m,10:00,4.1,₹155,49 Seats
Kolkata to Durgapur (West Bengal),https://www.redbus.in/bus-tickets/kolkata-to-durgapur,SBSTC-KOLKATA-ASANSOL- 06:15(HOWRAH DEPOT) - ASANSOL 3-D/06-15,Express(Non AC Seater),06:15,3h 30m,09:45,4.8,₹150,52 Seats
Kolkata to Durgapur (West Bengal),https://www.redbus.in/bus-tickets/kolkata-to-durgapur,SBSTC-KOLKATA-ASANSOL 06:30 (ASN DEPOT) - KOL-N/H-D/10-45,Express(Non AC Seater),06:30,3h 30m,10:00,3.8,₹150,52 Seats
Kolkata to Durgapur (West Bengal),https://www.redbus.in/bus-tickets/kolkata-to-durgapur,SBSTC-KARUNAMOYEE-CITY CENTRE AC 06:35 (DGP DEPOT) - L88-D/ 06-35,A/C Seater (2+2),06:35,3h 59m,10:34,4.1,₹300,34 Seats
Midnapore to Kolkata,https://www.redbus.in/bus-tickets/midnapore-to-kolkata,SBSTC-MIDNAPUR - KOLKATA - 04:40 (MID DEPOT) - KOL-A/1-U/04-40,Express(Non AC Seater),04:40,2h 59m,07:39,4.2,₹103,45 Seats
Midnapore to Kolkata,https://www.redbus.in/bus-tickets/midnapore-to-kolkata,SBSTC-MIDNAPUR - KOLKATA - 05:10 (MID DEPOT) - DIGHA V KOL-U/05-10,Express(Non AC Seater),05:10,2h 59m,08:09,3.6,₹103,46 Seats
Midnapore to Kolkata,https://www.redbus.in/bus-tickets/midnapore-to-kolkata,SBSTC-MIDNAPUR-KOLKATA- 05:30 (MID DEPOT) - KOL-02-U/05-30,Express(Non AC Seater),05:30,2h 59m,08:29,4.4,₹103,33 Seats
Midnapore to Kolkata,https://www.redbus.in/bus-tickets/midnapore-to-kolkata,SBSTC-MIDNAPUR-KARUNAMOYEE VIA-DUNLOP 06:50 - MIDKNMY-U/06-50,Express(Non AC Seater),06:50,3h 59m,10:49,3.6,₹112,30 Seats
Midnapore to Kolkata,https://www.redbus.in/bus-tickets/midnapore-to-kolkata,SBSTC-MIDNAPUR - KARUNAMOYEE - 07:15 (MID DEPOT) - KARUN-02-U/07-15,Express(Non AC Seater),07:15,3h 59m,11:14,3.8,₹103,35 Seats
Midnapore to Kolkata,https://www.redbus.in/bus-tickets/midnapore-to-kolkata,SBSTC-MIDNAPUR - KOLKATA - 08:15 (MID DEPOT) - DIG V KOL 2-U/08-15,Express(Non AC Seater),08:15,2h 59m,11:14,3.7,₹103,45 Seats
Midnapore to Kolkata,https://www.redbus.in/bus-tickets/midnapore-to-kolkata,SBSTC-MIDNAPUR - KOLKATA - 10:00 (MID DEPOT) - PURUNI N/H-U/10-30,Express(Non AC Seater),10:00,3h,13:00,2.7,₹103,49 Seats
Midnapore to Kolkata,https://www.redbus.in/bus-tickets/midnapore-to-kolkata,SBSTC-MIDNAPUR - KOLKATA - 11:30 (MID DEPOT) - SAL V KL N/H-U/11-30,Express(Non AC Seater),11:30,2h 59m,14:29,2.7,₹103,47 Seats
Midnapore to Kolkata,https://www.redbus.in/bus-tickets/midnapore-to-kolkata,SBSTC-MIDNAPUR - KOLKATA - 12:00 (MID DEPOT) - MIDKOL-U/12-00,Express(Non AC Seater),12:00,2h 59m,14:59,3.8,₹103,51 Seats
Midnapore to Kolkata,https://www.redbus.in/bus-tickets/midnapore-to-kolkata,SBSTC-JHARGRAM-KOLKATA VIA MIDNAPUR 10:45 (JHAR ) - KOLKATA10 N/H-U/14-4,Express(Non AC Seater),12:20,2h 31m,14:51,2.4,₹97,52 Seats
Haldia to Kolkata,https://www.redbus.in/bus-tickets/haldia-to-kolkata,SBSTC-HALDIA-CHITTRANJAN VIA-KOLKATA 05:00 (HAL DEPOT) - H06 N/H-U/05-00,Express(Non AC Seater),05:00,3h 45m,08:45,4.4,₹110,42 Seats
Haldia to Kolkata,https://www.redbus.in/bus-tickets/haldia-to-kolkata,SBSTC-HALDIA-ASANSOL-VIA-KOLKATA 09:30 (HAL DEPOT) - H11 N/H-U/09-30,Express(Non AC Seater),09:30,27h,12:30,4.4,₹95,49 Seats
Kolkata to Haldia,https://www.redbus.in/bus-tickets/kolkata-to-haldia,SBSTC-KOLKATA - HALDIA - 06:30 (BEL DEPOT) - L-03-U/06-00,Express(Non AC Seater),06:30,2h 59m,09:29,3.8,₹110,48 Seats
Kolkata to Haldia,https://www.redbus.in/bus-tickets/kolkata-to-haldia,SBSTC-BARRACKPORE -HALDIA -VIA- BELGHARIA- 06:40(BEL DEPOT - L04-U/06-40,Express(Non AC Seater),07:10,3h 30m,10:40,4.6,₹112,41 Seats
Kolkata to Haldia,https://www.redbus.in/bus-tickets/kolkata-to-haldia,SBSTC-KOLKATA-HALDIA NON STOP 07:15 (HAL DEPOT) - H15 N/H-D/07-15,Express(Non AC Seater),07:15,3h,10:15,4.5,₹135,33 Seats
Kolkata to Haldia,https://www.redbus.in/bus-tickets/kolkata-to-haldia,SBSTC-KOLKATA-HALDIA 07:45 (HAL DEPOT) - H23 N/H-D/07-45,Express(Non AC Seater),07:45,2h 59m,10:44,4.3,₹110,48 Seats
Kolkata to Haldia,https://www.redbus.in/bus-tickets/kolkata-to-haldia,SBSTC-KOLKATA - HALDIA - 08:10 (HOW DEPOT) - HLDNAND N/H-U/07-45,Express(Non AC Seater),08:10,3h,11:10,3.5,₹110,52 Seats
Kolkata to Haldia,https://www.redbus.in/bus-tickets/kolkata-to-haldia,SBSTC-KOLKATA-HALDIA NON STOP 08:30 (HAL DEPOT) - KOLKATA/1-D/08-30,Express(Non AC Seater),08:30,3h,11:30,4.2,₹135,50 Seats
Kolkata to Haldia,https://www.redbus.in/bus-tickets/kolkata-to-haldia,SBSTC-KOLKATA-HALDIA ALL STOP 09:00 (HAL DEPOT) - H32 -D/08-30,Express(Non AC Seater),09:00,3h,12:00,3.9,₹110,52 Seats
Kolkata to Haldia,https://www.redbus.in/bus-tickets/kolkata-to-haldia,SBSTC-KOLKATA-HALDIA 09:30 (HAL DEPOT) - H28-D/09-30,Express(Non AC Seater),09:30,3h,12:30,3.8,₹110,52 Seats
Kolkata to Haldia,https://www.redbus.in/bus-tickets/kolkata-to-haldia,SBSTC-KOLKATA-HALDIA 10:05(HAL DEPOT) - KOLKATA /1 SPL1-D/08,Express(Non AC Seater),10:05,2h 59m,13:04,4.8,₹110,52 Seats
Kolkata to Haldia,https://www.redbus.in/bus-tickets/kolkata-to-haldia,SBSTC-KOLKATA-HALDIA-10:30 (HAL DEPOT) - H62N N/H-D/10-30,Express(Non AC Seater),10:30,2h 59m,13:29,2.6,₹110,51 Seats
Kolkata to Midnapore,https://www.redbus.in/bus-tickets/kolkata-to-midnapore,SBSTC-GARIA - MIDNAPUR - 05:05 (MID DEPOT) - GORIA-N/H-D/05-00,Express(Non AC Seater),06:00,3h 5m,09:05,3.4,₹129,49 Seats
Kolkata to Midnapore,https://www.redbus.in/bus-tickets/kolkata-to-midnapore,SBSTC-KARUNAMOYEE - MIDNAPUR - 06:00 (MID DEPOT) - KARU NH-D/06-00,Express(Non AC Seater),07:00,3h,10:00,3.8,₹118,46 Seats
Kolkata to Midnapore,https://www.redbus.in/bus-tickets/kolkata-to-midnapore,SBSTC-KOLKATA-MIDNAPUR 08:00 (MID DEPOT) - KOL-A/1-D/08-00,Express(Non AC Seater),08:00,2h 59m,10:59,3.2,₹110,46 Seats
Kolkata to Midnapore,https://www.redbus.in/bus-tickets/kolkata-to-midnapore,SBSTC-KOLKATA - MIDNAPUR - 08:45 (MID DEPOT) - KOL-02-D/08-45,Express(Non AC Seater),08:45,2h 59m,11:44,3.3,₹110,52 Seats
Kolkata to Midnapore,https://www.redbus.in/bus-tickets/kolkata-to-midnapore,SBSTC-KOLKATA - MIDNAPUR - 09:50 (MID DEPOT) - SAL V KL N/H-D/09-52,Express(Non AC Seater),09:50,3h,12:50,2.6,₹110,52 Seats
Kolkata to Midnapore,https://www.redbus.in/bus-tickets/kolkata-to-midnapore,SBSTC-KOLKATA-MIDNAPUR 10:20 (MID DEPOT) - MIDKOL-D/10-20,Express(Non AC Seater),10:20,2h 59m,13:19,3.3,₹110,52 Seats
Kolkata to Midnapore,https://www.redbus.in/bus-tickets/kolkata-to-midnapore,SBSTC-KOLKATA - MIDNAPUR - 11:15 (MID DEPOT) - PURUNI N/H-D/11-15,Express(Non AC Seater),11:15,2h 59m,14:14,2.5,₹110,52 Seats
Kolkata to Midnapore,https://www.redbus.in/bus-tickets/kolkata-to-midnapore,SBSTC-KARUNAMOYEE - MIDNAPUR - 13:00 (MID DEPOT) - KARUN-02-D/14-30,Express(Non AC Seater),13:00,5h,18:00,2.4,₹118,52 Seats
Kolkata to Midnapore,https://www.redbus.in/bus-tickets/kolkata-to-midnapore,SBSTC-KOLKATA - MIDNAPUR - 14:00 (MID DEPOT) - DIGHA V KOL-D/13-00,Express(Non AC Seater),14:00,3h,17:00,3.7,₹110,52 Seats
Kolkata to Midnapore,https://www.redbus.in/bus-tickets/kolkata-to-midnapore,SBSTC-KOLKATA - MIDNAPUR - 15:30 (MID DEPOT) - DIG V KOL 2-D/15-30,Express(Non AC Seater),15:30,2h 59m,18:29,3.1,₹110,49 Seats
Jhargram to Kolkata,https://www.redbus.in/bus-tickets/jhargram-to-kolkata,SBSTC-JHARGRAM-KOLKATA - VIA - LODHASULI - KOLAGHAT - 05:00 (JHAR DEPOT) - JHAKOL 1-U/05-00,Express(Non AC Seater),05:00,3h 58m,08:58,4,₹140,11 Seats
Jhargram to Kolkata,https://www.redbus.in/bus-tickets/jhargram-to-kolkata,Aaranyak Travels,A/C Seater (2+3),06:40,3h 50m,10:30,3.9,₹240,41 Seats
Kolkata to Bankura,https://www.redbus.in/bus-tickets/kolkata-to-bankura,SBSTC-KARUNAMOYEE - BANKURA - VIA - DURGAPUR - 05:40 - KMOYE1 NH-D/05-40,Express(Non AC Seater),05:40,5h 30m,11:10,4,₹185,30 Seats
Kolkata to Bankura,https://www.redbus.in/bus-tickets/kolkata-to-bankura,SBSTC-KARUNAMOYEE - BANKURA - VIA - DURGAPUR - 06:40 - KMOYE2 NH-D/06-40,Express(Non AC Seater),06:40,5h 30m,12:10,4,₹185,43 Seats
Kolkata to Bankura,https://www.redbus.in/bus-tickets/kolkata-to-bankura,SBSTC-KARUNAMOYEE-BANKURA 07:20 (BNK DEPOT) - KMOYE3 N/H-D/07:20,Express(Non AC Seater),07:20,5h 30m,12:50,4.2,₹185,42 Seats
Kolkata to Bankura,https://www.redbus.in/bus-tickets/kolkata-to-bankura,SBSTC-KARUNAMOYEE - BANKURA - A/C - 07:30 - KMOYE AC NH-D/07-30,A/C Seater (2+2),07:30,5h 30m,13:00,3.2,₹360,27 Seats
Kolkata to Bankura,https://www.redbus.in/bus-tickets/kolkata-to-bankura,SBSTC-KOLKATA-PURULIA- VIA-BANKURA- 12:00(HOWRAH DEPOT) - KOLPRL2-U/12-00,Express(Non AC Seater),12:00,5h 15m,17:15,4.2,₹180,51 Seats
Kolkata to Bankura,https://www.redbus.in/bus-tickets/kolkata-to-bankura,SBSTC-KARUNAMOYEE - BANKURA - VIA - DURGAPUR - 14:30 - KMOYE 2-D/14-30,Express(Non AC Seater),14:30,5h 15m,19:45,4,₹185,41 Seats
Kolkata to Bankura,https://www.redbus.in/bus-tickets/kolkata-to-bankura,SBSTC-KARUNAMOYEE-BANKURA A/C 15:15 (BNK DEPOT) - KMOYE AC DAY-D/12-00,A/C Seater (2+2),15:15,6h 15m,21:30,3.4,₹360,37 Seats
Kolkata to Bankura,https://www.redbus.in/bus-tickets/kolkata-to-bankura,SBSTC-KARUNAMOYEE - BANKURA - VIA - DURGAPUR - 17:00 - KMOYE 3-D/16-45,Express(Non AC Seater),17:00,5h 30m,22:30,4.1,₹185,50 Seats
Kolkata to Digha,https://www.redbus.in/bus-tickets/kolkata-to-digha,SBSTC-GARIA-DIGHA - 04:00 (DIGHA DEPOT) - DIGGARIA-D/04-00,Express(Non AC Seater),04:00,5h,09:00,3.8,₹162,25 Seats
Kolkata to Digha,https://www.redbus.in/bus-tickets/kolkata-to-digha,SBSTC-GARIA-DIGHA - 04:30 (DIG DEPOT) - DIGGARIA-D/04-30,Express(Non AC Seater),04:30,5h,09:30,3.1,₹162,46 Seats
Kolkata to Digha,https://www.redbus.in/bus-tickets/kolkata-to-digha,SBSTC-GARIA-DIGHA - 05:00 (DIGHA DEPOT) - DIGHA-1 N/H-D/06-45,Express(Non AC Seater),05:00,5h,10:00,3.6,₹162,52 Seats
Kolkata to Digha,https://www.redbus.in/bus-tickets/kolkata-to-digha,SBSTC-BELGHARIA - DIGHA - 05:15 (BEL DEPOT) - L-56-U/05-15,Express(Non AC Seater),05:15,4h 29m,09:44,3.3,₹155,42 Seats
Kolkata to Digha,https://www.redbus.in/bus-tickets/kolkata-to-digha,SBSTC-KARUNAMOYEE - DIGHA - VIA DUNLOP - 05:30 (DIGHA) - KMOYEE N/H-D/05:30,Express(Non AC Seater),05:30,4h 59m,10:29,4.4,₹170,47 Seats
Kolkata to Digha,https://www.redbus.in/bus-tickets/kolkata-to-digha,SBSTC-BADAMTALA - DIGHA - 05:30 - L-29-U/06-00,Express(Non AC Seater),05:45,4h 45m,10:30,2.6,₹155,19 Seats
Kolkata to Digha,https://www.redbus.in/bus-tickets/kolkata-to-digha,SBSTC-KARUNAMOYEE - DIGHA - VIA DUNLOP - 06:15 (DIGHA) - KMOYEE N/H-D/06-15,Express(Non AC Seater),06:15,4h 59m,11:14,3.9,₹170,30 Seats
Kolkata to Digha,https://www.redbus.in/bus-tickets/kolkata-to-digha,SBSTC-BELGHARIA-DIGHA SPL 06:15 (BEL DEPOT) - BELDIGSPL1-U/06-15,Express(Non AC Seater),06:15,4h 30m,10:45,2.1,₹155,52 Seats
Kolkata to Digha,https://www.redbus.in/bus-tickets/kolkata-to-digha,SBSTC-KHARDAH - DIGHA - VIA - BELGHORIA - 06.30 - L-28-U/06:30,Express(Non AC Seater),06:30,5h,11:30,4,₹160,52 Seats
Kolkata to Digha,https://www.redbus.in/bus-tickets/kolkata-to-digha,SBSTC-BELGHARIA-DIGHA 06:30 (BEL DEPOT) - NAIHATIDIGHA1-U/06-3,Express(Non AC Seater),06:30,4h 29m,10:59,2.8,₹155,26 Seats
Digha to Kolkata,https://www.redbus.in/bus-tickets/digha-to-kolkata,SBSTC-DIGHA-KOLKATA 05:30 (KAL DEPOT) - KOLDGH-D/5/30,Express(Non AC Seater),05:30,4h 19m,09:49,3,₹155,48 Seats
Digha to Kolkata,https://www.redbus.in/bus-tickets/digha-to-kolkata,SBSTC-DIGHA-KOLKATA 05:40 A.M (ARM DEPOT) - DIGHANH-1-D/05-40,Express(Non AC Seater),05:40,4h 59m,10:39,3.4,₹155,50 Seats
Digha to Kolkata,https://www.redbus.in/bus-tickets/digha-to-kolkata,SBSTC-DIGHA-KOLKATA 06:30 (KHIRPAI DEPOT) - KHIRDIGHA N/H-D/06-3,Express(Non AC Seater),06:30,4h 59m,11:29,2.4,₹155,51 Seats
Digha to Kolkata,https://www.redbus.in/bus-tickets/digha-to-kolkata,SBSTC-DIGHA-KOLKATA- 07:20(MID DEPOT) - DIGHA V KOL-D/07-20,Express(Non AC Seater),07:20,4h 59m,12:19,3.6,₹155,50 Seats
Digha to Kolkata,https://www.redbus.in/bus-tickets/digha-to-kolkata,SBSTC-DIGHA - GARIA - VIA - CONTAI - 08:10 - DIGHA-2-U/08-10,Express(Non AC Seater),08:10,3h 59m,12:09,3.3,₹162,52 Seats
Digha to Kolkata,https://www.redbus.in/bus-tickets/digha-to-kolkata,SBSTC-DIGHA- KOLKATA 09:00 (MID DEPOT) - DIG V KOL 2-D/08-35,Express(Non AC Seater),09:00,5h,14:00,3.3,₹91,52 Seats
Digha to Kolkata,https://www.redbus.in/bus-tickets/digha-to-kolkata,SBSTC-DIGHA - GARIA - 09:25 (DIGHA DEPOT) - DIGGARIA-U/09-25,Express(Non AC Seater),09:25,4h 59m,14:24,4.3,₹162,52 Seats
Digha to Kolkata,https://www.redbus.in/bus-tickets/digha-to-kolkata,SBSTC-DIGHA - HABRA - 09:45 (DIG DEPOT) - HABR 1 N/H-U /10-10,Express(Non AC Seater),09:45,29h 36m,15:21,3.1,₹155,52 Seats
Digha to Kolkata,https://www.redbus.in/bus-tickets/digha-to-kolkata,SBSTC-DIGHA - GARIA - 10:00 (DIGHA DEPOT) - DIGGARIA-U/10-00,Express(Non AC Seater),10:00,4h 59m,14:59,3.6,₹162,52 Seats
Digha to Kolkata,https://www.redbus.in/bus-tickets/digha-to-kolkata,SBSTC-DIGHA-GARIA 10:30(DIGHA DEPOT) - DIGHA-1 N/H-U/10-30,Express(Non AC Seater),10:30,3h 59m,14:29,4.4,₹162,48 Seats
Kolkata to Asansol (West Bengal),https://www.redbus.in/bus-tickets/kolkata-to-asansol,SBSTC-KOLKATA-PURULIA-VIA-ASN-05:00(PRL DEPOT) - KOL KANS-D/05-00,Express(Non AC Seater),05:00,4h 25m,09:25,3.7,₹180,51 Seats
Kolkata to Asansol (West Bengal),https://www.redbus.in/bus-tickets/kolkata-to-asansol,SBSTC-KARUNAMOYEE-ASANSOL 05:15 (ASN DEPOT) - KMOY-N/H1-D/05-15,Express(Non AC Seater),05:15,5h,10:15,4.1,₹185,45 Seats
Kolkata to Asansol (West Bengal),https://www.redbus.in/bus-tickets/kolkata-to-asansol,SBSTC-KOLKATA-ASANSOL- 05:30(HOWRAH DEPOT) - ASANSOL 1-D/05-30,Express(Non AC Seater),05:30,5h,10:30,3.4,₹180,52 Seats
Kolkata to Asansol (West Bengal),https://www.redbus.in/bus-tickets/kolkata-to-asansol,SBSTC-KOLKATA-ASANSOL L/S 06:00(HOW DEPOT) - ASANSOL LS-D/06-00,Express(Non AC Seater),06:00,4h 30m,10:30,3.4,₹180,50 Seats
Kolkata to Asansol (West Bengal),https://www.redbus.in/bus-tickets/kolkata-to-asansol,SBSTC-KARUNAMOYEE - ASANSOL - 06:15 (BEL DEPOT) - L-21-U/06-15,Express(Non AC Seater),06:15,5h,11:15,3.5,₹185,49 Seats
Kolkata to Asansol (West Bengal),https://www.redbus.in/bus-tickets/kolkata-to-asansol,SBSTC-KOLKATA-ASANSOL- 06:15(HOWRAH DEPOT) - ASANSOL 3-D/06-15,Express(Non AC Seater),06:15,4h 30m,10:45,3.4,₹180,52 Seats
Kolkata to Asansol (West Bengal),https://www.redbus.in/bus-tickets/kolkata-to-asansol,SBSTC-KOLKATA-PURULIA-VIA-ASN-06:45(PRL DEPOT) - KOL P KOT-U/06-45,Express(Non AC Seater),06:45,4h 30m,11:15,3.4,₹180,52 Seats
Kolkata to Asansol (West Bengal),https://www.redbus.in/bus-tickets/kolkata-to-asansol,SBSTC-KOLKATA-ASANSOL- 07:00(HOWRAH DEPOT) - ASANSOL 4-D/07-00,Express(Non AC Seater),07:00,4h 30m,11:30,3.4,₹180,52 Seats
Kolkata to Asansol (West Bengal),https://www.redbus.in/bus-tickets/kolkata-to-asansol,SBSTC-KARUNAMOYEE-JHALDA VIA-ASANSOL- 07:00(BEL DEPOT) - L-45-U/07:00,Express(Non AC Seater),07:00,5h 10m,12:10,3.6,₹185,44 Seats
Kolkata to Asansol (West Bengal),https://www.redbus.in/bus-tickets/kolkata-to-asansol,SBSTC-KOLKATA-ASANSOL-AC- 07:50(HOW DEPOT) - ASANSOL AC1-U/07-50,A/C Seater (2+2),07:50,4h 30m,12:20,1.7,₹360,37 Seats
Kolkata to Contai (Kanthi),https://www.redbus.in/bus-tickets/kolkata-to-contai-kanthi,SBSTC-GARIA-DIGHA - 04:00 (DIGHA DEPOT) - DIGGARIA-D/04-00,Express(Non AC Seater),04:00,4h 7m,08:07,4.6,₹138,27 Seats
Kolkata to Contai (Kanthi),https://www.redbus.in/bus-tickets/kolkata-to-contai-kanthi,SBSTC-GARIA-DIGHA - 04:30 (DIG DEPOT) - DIGGARIA-D/04-30,Express(Non AC Seater),04:30,3h 56m,08:26,4.9,₹138,52 Seats
Kolkata to Contai (Kanthi),https://www.redbus.in/bus-tickets/kolkata-to-contai-kanthi,SBSTC-GARIA-DIGHA - 05:00 (DIGHA DEPOT) - DIGHA-1 N/H-D/06-45,Express(Non AC Seater),05:00,4h 5m,09:05,5,₹138,52 Seats
Kolkata to Contai (Kanthi),https://www.redbus.in/bus-tickets/kolkata-to-contai-kanthi,SBSTC-BELGHARIA - DIGHA - 05:15 (BEL DEPOT) - L-56-U/05-15,Express(Non AC Seater),05:15,3h 56m,09:11,3.5,₹129,52 Seats
Kolkata to Contai (Kanthi),https://www.redbus.in/bus-tickets/kolkata-to-contai-kanthi,SBSTC-GARIA-DIGHA- 05:20 (DIG DEPOT) - DIGGARIA-D/05-20,Express(Non AC Seater),05:20,3h 54m,09:14,3.4,₹139,52 Seats
Kolkata to Contai (Kanthi),https://www.redbus.in/bus-tickets/kolkata-to-contai-kanthi,SBSTC-KARUNAMOYEE - DIGHA - VIA DUNLOP - 05:30 (DIGHA) - KMOYEE N/H-D/05:30,Express(Non AC Seater),05:30,4h 9m,09:39,3,₹140,47 Seats
Kolkata to Contai (Kanthi),https://www.redbus.in/bus-tickets/kolkata-to-contai-kanthi,SBSTC-BADAMTALA - DIGHA - 05:30 - L-29-U/06-00,Express(Non AC Seater),05:45,3h 43m,09:28,3.9,₹129,52 Seats
Kolkata to Contai (Kanthi),https://www.redbus.in/bus-tickets/kolkata-to-contai-kanthi,SBSTC-BELGHARIA-DIGHA SPL 06:15 (BEL DEPOT) - BELDIGSPL1-U/06-15,Express(Non AC Seater),06:15,3h 54m,10:09,3.3,₹129,52 Seats
Kolkata to Contai (Kanthi),https://www.redbus.in/bus-tickets/kolkata-to-contai-kanthi,SBSTC-KARUNAMOYEE - DIGHA - VIA DUNLOP - 06:15 (DIGHA) - KMOYEE N/H-D/06-15,Express(Non AC Seater),06:15,4h 9m,10:24,3.9,₹140,52 Seats
Kolkata to Contai (Kanthi),https://www.redbus.in/bus-tickets/kolkata-to-contai-kanthi,SBSTC-BELGHARIA-DIGHA VOLVO BUS SERVICE 06:20 (BEL DEP) - BELDIGV-U/06-20,Volvo A/C Seater (2+2),06:20,4h 25m,10:45,3.9,₹330,51 Seats
Kolkata to Nandakumar (west bengal),https://www.redbus.in/bus-tickets/kolkata-to-nandakumar,SBSTC-GARIA-DIGHA - 04:00 (DIGHA DEPOT) - DIGGARIA-D/04-00,Express(Non AC Seater),04:00,3h 3m,07:03,3.7,₹95,34 Seats
Kolkata to Nandakumar (west bengal),https://www.redbus.in/bus-tickets/kolkata-to-nandakumar,SBSTC-GARIA-DIGHA - 04:30 (DIG DEPOT) - DIGGARIA-D/04-30,Express(Non AC Seater),04:30,2h 45m,07:15,3.7,₹95,52 Seats
Kolkata to Nandakumar (west bengal),https://www.redbus.in/bus-tickets/kolkata-to-nandakumar,SBSTC-GARIA-DIGHA - 05:00 (DIGHA DEPOT) - DIGHA-1 N/H-D/06-45,Express(Non AC Seater),05:00,2h 56m,07:56,3.8,₹95,52 Seats
Kolkata to Nandakumar (west bengal),https://www.redbus.in/bus-tickets/kolkata-to-nandakumar,SBSTC-BELGHARIA - DIGHA - 05:15 (BEL DEPOT) - L-56-U/05-15,Express(Non AC Seater),05:15,2h 21m,07:36,3.7,₹88,52 Seats
Kolkata to Nandakumar (west bengal),https://www.redbus.in/bus-tickets/kolkata-to-nandakumar,SBSTC-GARIA-DIGHA- 05:20 (DIG DEPOT) - DIGGARIA-D/05-20,Express(Non AC Seater),05:20,2h 39m,07:59,4.6,₹98,52 Seats
Kolkata to Nandakumar (west bengal),https://www.redbus.in/bus-tickets/kolkata-to-nandakumar,SBSTC-KARUNAMOYEE - DIGHA - VIA DUNLOP - 05:30 (DIGHA) - KMOYEE N/H-D/05:30,Express(Non AC Seater),05:30,2h 47m,08:17,4.1,₹99,52 Seats
Kolkata to Nandakumar (west bengal),https://www.redbus.in/bus-tickets/kolkata-to-nandakumar,SBSTC-BADAMTALA - DIGHA - 05:30 - L-29-U/06-00,Express(Non AC Seater),05:45,2h 26m,08:11,3.7,₹88,52 Seats
Kolkata to Nandakumar (west bengal),https://www.redbus.in/bus-tickets/kolkata-to-nandakumar,SBSTC-KARUNAMOYEE - DIGHA - VIA DUNLOP - 06:15 (DIGHA) - KMOYEE N/H-D/06-15,Express(Non AC Seater),06:15,2h 47m,09:02,2.8,₹99,52 Seats
Kolkata to Nandakumar (west bengal),https://www.redbus.in/bus-tickets/kolkata-to-nandakumar,SBSTC-BELGHARIA-DIGHA VOLVO BUS SERVICE 06:20 (BEL DEP) - BELDIGV-U/06-20,Volvo A/C Seater (2+2),06:20,4h 17m,10:37,3.7,₹210,51 Seats
Kolkata to Nandakumar (west bengal),https://www.redbus.in/bus-tickets/kolkata-to-nandakumar,SBSTC-BELGHARIA-DIGHA 06:30 (BEL DEPOT) - NAIHATIDIGHA1-U/06-3,Express(Non AC Seater),06:30,2h 21m,08:51,3.7,₹88,41 Seats
Digha to Kolkata,https://www.redbus.in/bus-tickets/digha-to-kolkata,SBSTC-DIGHA-KOLKATA 05:30 (KAL DEPOT) - KOLDGH-D/5/30,Express(Non AC Seater),05:30,4h 19m,09:49,3,₹155,48 Seats
Digha to Kolkata,https://www.redbus.in/bus-tickets/digha-to-kolkata,SBSTC-DIGHA-KOLKATA 05:40 A.M (ARM DEPOT) - DIGHANH-1-D/05-40,Express(Non AC Seater),05:40,4h 59m,10:39,3.4,₹155,50 Seats
Digha to Kolkata,https://www.redbus.in/bus-tickets/digha-to-kolkata,SBSTC-DIGHA-KOLKATA 06:30 (KHIRPAI DEPOT) - KHIRDIGHA N/H-D/06-3,Express(Non AC Seater),06:30,4h 59m,11:29,2.4,₹155,51 Seats
Digha to Kolkata,https://www.redbus.in/bus-tickets/digha-to-kolkata,SBSTC-DIGHA-KOLKATA- 07:20(MID DEPOT) - DIGHA V KOL-D/07-20,Express(Non AC Seater),07:20,4h 59m,12:19,3.6,₹155,50 Seats
Digha to Kolkata,https://www.redbus.in/bus-tickets/digha-to-kolkata,SBSTC-DIGHA - GARIA - VIA - CONTAI - 08:10 - DIGHA-2-U/08-10,Express(Non AC Seater),08:10,3h 59m,12:09,3.3,₹162,52 Seats
Digha to Kolkata,https://www.redbus.in/bus-tickets/digha-to-kolkata,SBSTC-DIGHA- KOLKATA 09:00 (MID DEPOT) - DIG V KOL 2-D/08-35,Express(Non AC Seater),09:00,5h,14:00,3.3,₹91,52 Seats
Digha to Kolkata,https://www.redbus.in/bus-tickets/digha-to-kolkata,SBSTC-DIGHA - GARIA - 09:25 (DIGHA DEPOT) - DIGGARIA-U/09-25,Express(Non AC Seater),09:25,4h 59m,14:24,4.3,₹162,52 Seats
Digha to Kolkata,https://www.redbus.in/bus-tickets/digha-to-kolkata,SBSTC-DIGHA - HABRA - 09:45 (DIG DEPOT) - HABR 1 N/H-U /10-10,Express(Non AC Seater),09:45,29h 36m,15:21,3.1,₹155,52 Seats
Digha to Kolkata,https://www.redbus.in/bus-tickets/digha-to-kolkata,SBSTC-DIGHA - GARIA - 10:00 (DIGHA DEPOT) - DIGGARIA-U/10-00,Express(Non AC Seater),10:00,4h 59m,14:59,3.6,₹162,52 Seats
Digha to Kolkata,https://www.redbus.in/bus-tickets/digha-to-kolkata,SBSTC-DIGHA-GARIA 10:30(DIGHA DEPOT) - DIGHA-1 N/H-U/10-30,Express(Non AC Seater),10:30,3h 59m,14:29,4.4,₹162,48 Seats
Kolkata to Digha,https://www.redbus.in/bus-tickets/kolkata-to-digha,SBSTC-GARIA-DIGHA - 04:00 (DIGHA DEPOT) - DIGGARIA-D/04-00,Express(Non AC Seater),04:00,5h,09:00,3.8,₹162,25 Seats
Kolkata to Digha,https://www.redbus.in/bus-tickets/kolkata-to-digha,SBSTC-GARIA-DIGHA - 04:30 (DIG DEPOT) - DIGGARIA-D/04-30,Express(Non AC Seater),04:30,5h,09:30,3.1,₹162,46 Seats
Kolkata to Digha,https://www.redbus.in/bus-tickets/kolkata-to-digha,SBSTC-GARIA-DIGHA - 05:00 (DIGHA DEPOT) - DIGHA-1 N/H-D/06-45,Express(Non AC Seater),05:00,5h,10:00,3.6,₹162,52 Seats
Kolkata to Digha,https://www.redbus.in/bus-tickets/kolkata-to-digha,SBSTC-BELGHARIA - DIGHA - 05:15 (BEL DEPOT) - L-56-U/05-15,Express(Non AC Seater),05:15,4h 29m,09:44,3.3,₹155,42 Seats
Kolkata to Digha,https://www.redbus.in/bus-tickets/kolkata-to-digha,SBSTC-KARUNAMOYEE - DIGHA - VIA DUNLOP - 05:30 (DIGHA) - KMOYEE N/H-D/05:30,Express(Non AC Seater),05:30,4h 59m,10:29,4.4,₹170,47 Seats
Kolkata to Digha,https://www.redbus.in/bus-tickets/kolkata-to-digha,SBSTC-BADAMTALA - DIGHA - 05:30 - L-29-U/06-00,Express(Non AC Seater),05:45,4h 45m,10:30,2.6,₹155,19 Seats
Kolkata to Digha,https://www.redbus.in/bus-tickets/kolkata-to-digha,SBSTC-BELGHARIA-DIGHA SPL 06:15 (BEL DEPOT) - BELDIGSPL1-U/06-15,Express(Non AC Seater),06:15,4h 30m,10:45,2.1,₹155,52 Seats
Kolkata to Digha,https://www.redbus.in/bus-tickets/kolkata-to-digha,SBSTC-KARUNAMOYEE - DIGHA - VIA DUNLOP - 06:15 (DIGHA) - KMOYEE N/H-D/06-15,Express(Non AC Seater),06:15,4h 59m,11:14,3.9,₹170,30 Seats
Kolkata to Digha,https://www.redbus.in/bus-tickets/kolkata-to-digha,SBSTC-KHARDAH - DIGHA - VIA - BELGHORIA - 06.30 - L-28-U/06:30,Express(Non AC Seater),06:30,5h,11:30,4,₹160,52 Seats
Kolkata to Digha,https://www.redbus.in/bus-tickets/kolkata-to-digha,SBSTC-BELGHARIA-DIGHA 06:30 (BEL DEPOT) - NAIHATIDIGHA1-U/06-3,Express(Non AC Seater),06:30,4h 29m,10:59,2.8,₹155,26 Seats
Kolkata to Bakkhali,https://www.redbus.in/bus-tickets/kolkata-to-bakkhali,West bengal transport corporation - 124885,AC Seater (2+2),06:00,4h 30m,10:30,3.3,₹240,35 Seats
Kolkata to Bakkhali,https://www.redbus.in/bus-tickets/kolkata-to-bakkhali,West bengal transport corporation - 152546,AC Seater (2+2),07:00,4h 30m,11:30,2.3,₹240,34 Seats
Mandarmani to Kolkata,https://www.redbus.in/bus-tickets/mandarmani-to-kolkata,West bengal transport corporation - 75458,Non AC Seater (2+3),05:15,4h 5m,09:20,3.8,₹145,48 Seats
Mandarmani to Kolkata,https://www.redbus.in/bus-tickets/mandarmani-to-kolkata,West bengal transport corporation - 74675,Non AC Seater (2+3),06:30,4h,10:30,2.7,₹145,48 Seats
Mandarmani to Kolkata,https://www.redbus.in/bus-tickets/mandarmani-to-kolkata,West bengal transport corporation - 158794,Non AC Seater (2+3),07:15,5h 15m,12:30,1.7,₹160,47 Seats
Mandarmani to Kolkata,https://www.redbus.in/bus-tickets/mandarmani-to-kolkata,West bengal transport corporation - 74747,Non AC Seater (2+3),10:10,4h 20m,14:30,2.5,₹145,48 Seats
Patna (Bihar) to Bettiah,https://www.redbus.in/bus-tickets/patna-to-bettiah,Bihar state road transport corporation (BSRTC) - 142944,Non AC Seater (2+2),06:00,5h,11:00,3.7,₹285,22 Seats
Patna (Bihar) to Bettiah,https://www.redbus.in/bus-tickets/patna-to-bettiah,Bihar state road transport corporation (BSRTC) - 147264,AC Seater (2+2),06:30,6h 5m,12:35,3.3,₹331,33 Seats
Patna (Bihar) to Bettiah,https://www.redbus.in/bus-tickets/patna-to-bettiah,Bihar state road transport corporation (BSRTC) - 146158,Non AC Seater (2+2),09:00,6h,15:00,2.6,₹285,33 Seats
Patna (Bihar) to Motihari,https://www.redbus.in/bus-tickets/patna-to-motihari,Bihar state road transport corporation (BSRTC) - 142944,Non AC Seater (2+2),06:00,4h 30m,10:30,4.2,₹230,22 Seats
Patna (Bihar) to Motihari,https://www.redbus.in/bus-tickets/patna-to-motihari,Bihar state road transport corporation (BSRTC) - 147264,AC Seater (2+2),06:30,4h,10:30,3.3,₹275,29 Seats
Patna (Bihar) to Motihari,https://www.redbus.in/bus-tickets/patna-to-motihari,Bihar state road transport corporation (BSRTC) - 146158,Non AC Seater (2+2),09:00,4h,13:00,4.2,₹230,33 Seats
Bettiah to Patna (Bihar),https://www.redbus.in/bus-tickets/bettiah-to-patna,Bihar state road transport corporation (BSRTC) - 174631,AC Seater (2+2),09:20,6h 40m,16:00,3.1,₹331,29 Seats
Bettiah to Patna (Bihar),https://www.redbus.in/bus-tickets/bettiah-to-patna,Bihar state road transport corporation (BSRTC) - 146159,Non AC Seater (2+2),14:30,5h,19:30,3,₹285,25 Seats
Bettiah to Patna (Bihar),https://www.redbus.in/bus-tickets/bettiah-to-patna,Bihar state road transport corporation (BSRTC) - 170674,Non AC Seater (2+2),20:30,5h 30m,02:00,2.3,₹285,25 Seats
Patna (Bihar) to Balmiki Nagar (bihar),https://www.redbus.in/bus-tickets/patna-to-balmiki-nagar-bihar,Bihar state road transport corporation (BSRTC) - 147264,AC Seater (2+2),06:30,9h,15:30,3.6,₹428,29 Seats
Patna (Bihar) to Balmiki Nagar (bihar),https://www.redbus.in/bus-tickets/patna-to-balmiki-nagar-bihar,Jai Mata Di Tour and Travels,A/C Seater / Sleeper (2+2),20:00,10h,06:00,2.1,₹500,38 Seats
Patna (Bihar) to Balmiki Nagar (bihar),https://www.redbus.in/bus-tickets/patna-to-balmiki-nagar-bihar,,,,,,,,N/A
Balmiki Nagar (bihar) to Patna (Bihar),https://www.redbus.in/bus-tickets/balmiki-nagar-bihar-to-patna,Bihar state road transport corporation (BSRTC) - 174631,AC Seater (2+2),06:00,10h,16:00,2.9,₹428,29 Seats
Balmiki Nagar (bihar) to Patna (Bihar),https://www.redbus.in/bus-tickets/balmiki-nagar-bihar-to-patna,Jai Mata Di Tour and Travels,A/C Seater / Sleeper (2+2),18:30,10h 30m,05:00,1.9,₹500,40 Seats
Patna (Bihar) to Katihar,https://www.redbus.in/bus-tickets/patna-to-katihar,SOBHA TRAVELS (A.T),A/C Seater / Sleeper (2+1),20:40,8h 20m,05:00,2.2,"₹600
₹540","24 Seats
(3 Single)"
Patna (Bihar) to Katihar,https://www.redbus.in/bus-tickets/patna-to-katihar,Sri Krishna Rath,A/C Seater / Sleeper (2+2),20:00,9h 5m,05:05,1,"₹750
₹675",28 Seats
Patna (Bihar) to Katihar,https://www.redbus.in/bus-tickets/patna-to-katihar,,,,,,,,
Patna (Bihar) to Katihar,https://www.redbus.in/bus-tickets/patna-to-katihar,,,,,,,,
Hazaribagh to Patna (Bihar),https://www.redbus.in/bus-tickets/hazaribagh-to-patna,Bihar state road transport corporation (BSRTC) - 153614,AC Seater (2+2),23:15,6h 15m,05:30,3.7,₹377,33 Seats
Hazaribagh to Patna (Bihar),https://www.redbus.in/bus-tickets/hazaribagh-to-patna,Sadhvi Rath,A/C Seater / Sleeper (2+1),23:28,6h 2m,05:30,2.3,"₹600
₹540","48 Seats
(16 Single)"
Hazaribagh to Patna (Bihar),https://www.redbus.in/bus-tickets/hazaribagh-to-patna,,,,,,,,
Hazaribagh to Patna (Bihar),https://www.redbus.in/bus-tickets/hazaribagh-to-patna,,,,,,,,
Hazaribagh to Patna (Bihar),https://www.redbus.in/bus-tickets/hazaribagh-to-patna,,,,,,,,
Hazaribagh to Patna (Bihar),https://www.redbus.in/bus-tickets/hazaribagh-to-patna,,,,,,,,
Hazaribagh to Patna (Bihar),https://www.redbus.in/bus-tickets/hazaribagh-to-patna,,,,,,,,
Hazaribagh to Patna (Bihar),https://www.redbus.in/bus-tickets/hazaribagh-to-patna,,,,,,,,
Hazaribagh to Patna (Bihar),https://www.redbus.in/bus-tickets/hazaribagh-to-patna,,,,,,,,
Hazaribagh to Patna (Bihar),https://www.redbus.in/bus-tickets/hazaribagh-to-patna,,,,,,,,N/A
Patna (Bihar) to Purnea,https://www.redbus.in/bus-tickets/patna-to-purnea,Aitiana Airwings,Benz A/C Sleeper (2+1),21:00,9h,06:00,4,₹599,"22 Seats
(4 Single)"
Patna (Bihar) to Purnea,https://www.redbus.in/bus-tickets/patna-to-purnea,MAA SHANTI TRAVELS,A/C Seater / Sleeper (2+1),22:10,8h 30m,06:40,3.9,"₹800
₹680","24 Seats
(4 Single)"
Patna (Bihar) to Purnea,https://www.redbus.in/bus-tickets/patna-to-purnea,,,,,,,,
Patna (Bihar) to Purnea,https://www.redbus.in/bus-tickets/patna-to-purnea,,,,,,,,
Patna (Bihar) to Purnea,https://www.redbus.in/bus-tickets/patna-to-purnea,,,,,,,,
Patna (Bihar) to Purnea,https://www.redbus.in/bus-tickets/patna-to-purnea,,,,,,,,
Patna (Bihar) to Purnea,https://www.redbus.in/bus-tickets/patna-to-purnea,,,,,,,,
Patna (Bihar) to Purnea,https://www.redbus.in/bus-tickets/patna-to-purnea,,,,,,,,
Patna (Bihar) to Purnea,https://www.redbus.in/bus-tickets/patna-to-purnea,,,,,,,,
Patna (Bihar) to Purnea,https://www.redbus.in/bus-tickets/patna-to-purnea,,,,,,,,
Patna (Bihar) to Purnea,https://www.redbus.in/bus-tickets/patna-to-purnea,,,,,,,,
Patna (Bihar) to Purnea,https://www.redbus.in/bus-tickets/patna-to-purnea,,,,,,,,
Patna (Bihar) to Madhubani (Bihar),https://www.redbus.in/bus-tickets/patna-to-madhubani,Bihar state road transport corporation (BSRTC) - 182420,NON A/C Seater Push Back (2+2),22:25,5h 5m,03:30,3.1,₹253,31 Seats
Patna (Bihar) to Madhubani (Bihar),https://www.redbus.in/bus-tickets/patna-to-madhubani,Shree Krishna Tours,A/C Seater Push Back (2+2),06:10,5h 5m,11:15,4.2,"₹360
₹342",10 Seats
Patna (Bihar) to Madhubani (Bihar),https://www.redbus.in/bus-tickets/patna-to-madhubani,,,,,,,,
Patna (Bihar) to Madhubani (Bihar),https://www.redbus.in/bus-tickets/patna-to-madhubani,,,,,,,,
Patna (Bihar) to Madhubani (Bihar),https://www.redbus.in/bus-tickets/patna-to-madhubani,,,,,,,,
Patna (Bihar) to Madhubani (Bihar),https://www.redbus.in/bus-tickets/patna-to-madhubani,,,,,,,,
Patna (Bihar) to Madhubani (Bihar),https://www.redbus.in/bus-tickets/patna-to-madhubani,,,,,,,,
Patna (Bihar) to Madhubani (Bihar),https://www.redbus.in/bus-tickets/patna-to-madhubani,,,,,,,,
Patna (Bihar) to Madhubani (Bihar),https://www.redbus.in/bus-tickets/patna-to-madhubani,,,,,,,,
Patna (Bihar) to Madhubani (Bihar),https://www.redbus.in/bus-tickets/patna-to-madhubani,,,,,,3.1,,
Muzaffarpur (Bihar) to Ranchi,https://www.redbus.in/bus-tickets/muzaffarpur-to-ranchi,Bihar state road transport corporation (BSRTC) - 153594,AC Seater (2+2),18:00,12h,06:00,2.8,₹605,34 Seats
Muzaffarpur (Bihar) to Ranchi,https://www.redbus.in/bus-tickets/muzaffarpur-to-ranchi,JGD Travels Pvt Ltd.,Bharat Benz A/C Sleeper (2+1),18:10,10h 15m,04:25,4,"₹1,150
₹1,064","29 Seats
(7 Single)"
Muzaffarpur (Bihar) to Ranchi,https://www.redbus.in/bus-tickets/muzaffarpur-to-ranchi,,,,,,,,
Muzaffarpur (Bihar) to Ranchi,https://www.redbus.in/bus-tickets/muzaffarpur-to-ranchi,,,,,,,,
Muzaffarpur (Bihar) to Ranchi,https://www.redbus.in/bus-tickets/muzaffarpur-to-ranchi,,,,,,,,
Muzaffarpur (Bihar) to Ranchi,https://www.redbus.in/bus-tickets/muzaffarpur-to-ranchi,,,,,,,,
Muzaffarpur (Bihar) to Ranchi,https://www.redbus.in/bus-tickets/muzaffarpur-to-ranchi,,,,,,,,
Muzaffarpur (Bihar) to Ranchi,https://www.redbus.in/bus-tickets/muzaffarpur-to-ranchi,,,,,,,,N/A
Muzaffarpur (Bihar) to Ranchi,https://www.redbus.in/bus-tickets/muzaffarpur-to-ranchi,,,,,,,,N/A
Muzaffarpur (Bihar) to Ranchi,https://www.redbus.in/bus-tickets/muzaffarpur-to-ranchi,,,,,,,,N/A
Patna (Bihar) to Ranchi,https://www.redbus.in/bus-tickets/patna-to-ranchi,Bihar state road transport corporation (BSRTC) - 153594,AC Seater (2+2),20:41,9h 19m,06:00,2.7,₹525,33 Seats
Patna (Bihar) to Ranchi,https://www.redbus.in/bus-tickets/patna-to-ranchi,MAA SHANTI TRAVELS,A/C Seater/Sleeper (2+1),21:25,9h 20m,06:45,4.5,"₹850
₹723","40 Seats
(10 Single)"
Patna (Bihar) to Ranchi,https://www.redbus.in/bus-tickets/patna-to-ranchi,,,,,,,,
Patna (Bihar) to Ranchi,https://www.redbus.in/bus-tickets/patna-to-ranchi,,,,,,,,
Patna (Bihar) to Ranchi,https://www.redbus.in/bus-tickets/patna-to-ranchi,,,,,,,,
Patna (Bihar) to Ranchi,https://www.redbus.in/bus-tickets/patna-to-ranchi,,,,,,,,
Patna (Bihar) to Ranchi,https://www.redbus.in/bus-tickets/patna-to-ranchi,,,,,,,,
Patna (Bihar) to Ranchi,https://www.redbus.in/bus-tickets/patna-to-ranchi,,,,,,,,
Patna (Bihar) to Ranchi,https://www.redbus.in/bus-tickets/patna-to-ranchi,,,,,,,,
Patna (Bihar) to Ranchi,https://www.redbus.in/bus-tickets/patna-to-ranchi,,,,,,,,
Patna (Bihar) to Ranchi,https://www.redbus.in/bus-tickets/patna-to-ranchi,,,,,,,,
Patna (Bihar) to Ranchi,https://www.redbus.in/bus-tickets/patna-to-ranchi,,,,,,,,
Patna (Bihar) to Ranchi,https://www.redbus.in/bus-tickets/patna-to-ranchi,,,,,,,,
Patna (Bihar) to Ranchi,https://www.redbus.in/bus-tickets/patna-to-ranchi,,,,,,,,
Muzaffarpur (Bihar) to Hazaribagh,https://www.redbus.in/bus-tickets/muzaffarpur-to-hazaribagh,Bihar state road transport corporation (BSRTC) - 153594,AC Seater (2+2),18:00,10h,04:00,3.8,₹484,33 Seats
Muzaffarpur (Bihar) to Hazaribagh,https://www.redbus.in/bus-tickets/muzaffarpur-to-hazaribagh,Pawapuri Motors,A/C Seater / Sleeper (2+1),17:30,9h 30m,03:00,2.5,"₹750
₹675","17 Seats
(5 Single)"
Muzaffarpur (Bihar) to Hazaribagh,https://www.redbus.in/bus-tickets/muzaffarpur-to-hazaribagh,,,,,,,,
Muzaffarpur (Bihar) to Hazaribagh,https://www.redbus.in/bus-tickets/muzaffarpur-to-hazaribagh,,,,,,,,
Muzaffarpur (Bihar) to Hazaribagh,https://www.redbus.in/bus-tickets/muzaffarpur-to-hazaribagh,,,,,,,,N/A
Muzaffarpur (Bihar) to Hazaribagh,https://www.redbus.in/bus-tickets/muzaffarpur-to-hazaribagh,,,,,,,,N/A
Katihar to Patna (Bihar),https://www.redbus.in/bus-tickets/katihar-to-patna,Bihar state road transport corporation (BSRTC) - 142958,Non AC Seater (2+2),18:00,11h 30m,05:30,3.5,₹403,37 Seats
Katihar to Patna (Bihar),https://www.redbus.in/bus-tickets/katihar-to-patna,MAA SHANTI TRAVELS,A/C Seater / Sleeper (2+1),22:15,7h 45m,06:00,4,"₹650
₹553","33 Seats
(9 Single)"
Patna (Bihar) to Darbhanga,https://www.redbus.in/bus-tickets/patna-to-darbhanga,Bihar state road transport corporation (BSRTC) - 150465,Non AC Seater (2+2),05:00,4h,09:00,2.6,₹213,41 Seats
Patna (Bihar) to Darbhanga,https://www.redbus.in/bus-tickets/patna-to-darbhanga,Bihar state road transport corporation (BSRTC) - 178756,Non AC Seater (2+2),21:25,3h 35m,01:00,3.6,₹213,"34 Seats
(1 Single)"
Patna (Bihar) to Darbhanga,https://www.redbus.in/bus-tickets/patna-to-darbhanga,Bihar state road transport corporation (BSRTC) - 182420,NON A/C Seater Push Back (2+2),22:25,3h 35m,02:00,4.8,₹213,31 Seats
Patna (Bihar) to Raxaul,https://www.redbus.in/bus-tickets/patna-to-raxaul,Bihar state road transport corporation (BSRTC) - 182419,NON A/C Seater Push Back (2+2),21:20,6h 10m,03:30,4.1,₹293,31 Seats
Patna (Bihar) to Raxaul,https://www.redbus.in/bus-tickets/patna-to-raxaul,Jai Hanuman Travels,A/C Seater / Sleeper (2+2),22:00,7h,05:00,2.4,₹600,54 Seats
Patna (Bihar) to Raxaul,https://www.redbus.in/bus-tickets/patna-to-raxaul,,,,,,,,
Patna (Bihar) to Raxaul,https://www.redbus.in/bus-tickets/patna-to-raxaul,,,,,,,,
Patna (Bihar) to Raxaul,https://www.redbus.in/bus-tickets/patna-to-raxaul,,,,,,,,
Patna (Bihar) to Raxaul,https://www.redbus.in/bus-tickets/patna-to-raxaul,,,,,,,,
Patna (Bihar) to Raxaul,https://www.redbus.in/bus-tickets/patna-to-raxaul,,,,,,,,N/A
Patna (Bihar) to Hazaribagh,https://www.redbus.in/bus-tickets/patna-to-hazaribagh,Bihar state road transport corporation (BSRTC) - 153594,AC Seater (2+2),20:41,7h 19m,04:00,3.6,₹396,34 Seats
Patna (Bihar) to Hazaribagh,https://www.redbus.in/bus-tickets/patna-to-hazaribagh,Sri Sai,A/C Seater / Sleeper (2+1),20:45,7h 30m,04:15,3.8,"₹480
₹444","18 Seats
(6 Single)"
Patna (Bihar) to Hazaribagh,https://www.redbus.in/bus-tickets/patna-to-hazaribagh,,,,,,,,
Patna (Bihar) to Hazaribagh,https://www.redbus.in/bus-tickets/patna-to-hazaribagh,,,,,,,,
Patna (Bihar) to Hazaribagh,https://www.redbus.in/bus-tickets/patna-to-hazaribagh,,,,,,,,
Patna (Bihar) to Hazaribagh,https://www.redbus.in/bus-tickets/patna-to-hazaribagh,,,,,,,,
Patna (Bihar) to Hazaribagh,https://www.redbus.in/bus-tickets/patna-to-hazaribagh,,,,,,,,
Patna (Bihar) to Hazaribagh,https://www.redbus.in/bus-tickets/patna-to-hazaribagh,,,,,,,,
Patna (Bihar) to Hazaribagh,https://www.redbus.in/bus-tickets/patna-to-hazaribagh,,,,,,,,
Patna (Bihar) to Hazaribagh,https://www.redbus.in/bus-tickets/patna-to-hazaribagh,,,,,,,,
Ranchi to Muzaffarpur (Bihar),https://www.redbus.in/bus-tickets/ranchi-to-muzaffarpur,Bihar state road transport corporation (BSRTC) - 153614,AC Seater (2+2),20:55,10h 35m,07:30,2.5,₹605,33 Seats
Ranchi to Muzaffarpur (Bihar),https://www.redbus.in/bus-tickets/ranchi-to-muzaffarpur,JGD Travels Pvt Ltd.,Bharat Benz A/C Sleeper (2+1),20:35,9h 40m,06:15,3.4,"₹1,100
₹1,018","27 Seats
(5 Single)"
Ranchi to Muzaffarpur (Bihar),https://www.redbus.in/bus-tickets/ranchi-to-muzaffarpur,,,,,,,,
Ranchi to Muzaffarpur (Bihar),https://www.redbus.in/bus-tickets/ranchi-to-muzaffarpur,,,,,,,,
Ranchi to Muzaffarpur (Bihar),https://www.redbus.in/bus-tickets/ranchi-to-muzaffarpur,,,,,,,,
Ranchi to Muzaffarpur (Bihar),https://www.redbus.in/bus-tickets/ranchi-to-muzaffarpur,,,,,,,,N/A
Ranchi to Muzaffarpur (Bihar),https://www.redbus.in/bus-tickets/ranchi-to-muzaffarpur,,,,,,,,N/A
Ranchi to Muzaffarpur (Bihar),https://www.redbus.in/bus-tickets/ranchi-to-muzaffarpur,,,,,,,,N/A
Ranchi to Muzaffarpur (Bihar),https://www.redbus.in/bus-tickets/ranchi-to-muzaffarpur,,,,,,,,N/A
Ranchi to Muzaffarpur (Bihar),https://www.redbus.in/bus-tickets/ranchi-to-muzaffarpur,,,,,,,,N/A
Ranchi to Patna (Bihar),https://www.redbus.in/bus-tickets/ranchi-to-patna,Bihar state road transport corporation (BSRTC) - 153614,AC Seater (2+2),20:55,8h 35m,05:30,3.1,₹500,33 Seats
Ranchi to Patna (Bihar),https://www.redbus.in/bus-tickets/ranchi-to-patna,Rekha Luxury,A/C Seater / Sleeper (2+1),21:30,8h,05:30,4.4,"₹800
₹650","16 Seats
(3 Single)"
Ranchi to Patna (Bihar),https://www.redbus.in/bus-tickets/ranchi-to-patna,,,,,,,,
Ranchi to Patna (Bihar),https://www.redbus.in/bus-tickets/ranchi-to-patna,,,,,,,,
Ranchi to Patna (Bihar),https://www.redbus.in/bus-tickets/ranchi-to-patna,,,,,,,,
Ranchi to Patna (Bihar),https://www.redbus.in/bus-tickets/ranchi-to-patna,,,,,,,,
Ranchi to Patna (Bihar),https://www.redbus.in/bus-tickets/ranchi-to-patna,,,,,,,,
Ranchi to Patna (Bihar),https://www.redbus.in/bus-tickets/ranchi-to-patna,,,,,,,,
Ranchi to Patna (Bihar),https://www.redbus.in/bus-tickets/ranchi-to-patna,,,,,,,,
Ranchi to Patna (Bihar),https://www.redbus.in/bus-tickets/ranchi-to-patna,,,,,,,,
Ranchi to Patna (Bihar),https://www.redbus.in/bus-tickets/ranchi-to-patna,,,,,,,,
Ranchi to Patna (Bihar),https://www.redbus.in/bus-tickets/ranchi-to-patna,,,,,,,,
Ranchi to Patna (Bihar),https://www.redbus.in/bus-tickets/ranchi-to-patna,,,,,,,,
Chandigarh to Hamirpur (Himachal Pradesh),https://www.redbus.in/bus-tickets/chandigarh-to-hamirpur-himachal-pradesh,HRTC - 1268,Ordinary 3+2 Non AC Seater,04:50,5h 40m,10:30,3,₹392,26 Seats
Chandigarh to Hamirpur (Himachal Pradesh),https://www.redbus.in/bus-tickets/chandigarh-to-hamirpur-himachal-pradesh,HRTC - 401669,Ordinary 3+2 Non AC Seater,10:20,4h 20m,14:40,4.2,₹335,37 Seats
Chandigarh to Hamirpur (Himachal Pradesh),https://www.redbus.in/bus-tickets/chandigarh-to-hamirpur-himachal-pradesh,HRTC - 9236,A/C Executive (2+3),12:05,4h 5m,16:10,4.1,₹365,35 Seats
Chandigarh to Hamirpur (Himachal Pradesh),https://www.redbus.in/bus-tickets/chandigarh-to-hamirpur-himachal-pradesh,HRTC - 1516,A/C Executive (2+3),13:20,4h,17:20,4.2,₹365,44 Seats
Chandigarh to Hamirpur (Himachal Pradesh),https://www.redbus.in/bus-tickets/chandigarh-to-hamirpur-himachal-pradesh,HRTC - 1515,Ordinary 3+2 Non AC Seater,13:56,6h 19m,20:15,2.7,₹402,37 Seats
Chandigarh to Hamirpur (Himachal Pradesh),https://www.redbus.in/bus-tickets/chandigarh-to-hamirpur-himachal-pradesh,HRTC - 1529,A/C Executive (2+3),15:00,4h,19:00,4.7,₹365,44 Seats
Chandigarh to Hamirpur (Himachal Pradesh),https://www.redbus.in/bus-tickets/chandigarh-to-hamirpur-himachal-pradesh,HRTC - 1468,Ordinary 3+2 Non AC Seater,15:45,3h 15m,19:00,3.8,₹335,36 Seats
Chandigarh to Hamirpur (Himachal Pradesh),https://www.redbus.in/bus-tickets/chandigarh-to-hamirpur-himachal-pradesh,HRTC - 1546,Ordinary 3+2 Non AC Seater,16:25,4h 50m,21:15,3.7,₹357,27 Seats
Chandigarh to Hamirpur (Himachal Pradesh),https://www.redbus.in/bus-tickets/chandigarh-to-hamirpur-himachal-pradesh,HRTC - 9235,A/C Executive (2+3),16:40,5h 20m,22:00,4,₹427,44 Seats
Chandigarh to Hamirpur (Himachal Pradesh),https://www.redbus.in/bus-tickets/chandigarh-to-hamirpur-himachal-pradesh,HRTC - 401670,Ordinary 3+2 Non AC Seater,18:00,4h,22:00,3.5,₹335,37 Seats
Hamirpur (Himachal Pradesh) to Chandigarh,https://www.redbus.in/bus-tickets/hamirpur-himachal-pradesh-to-chandigarh,HRTC - 6651,Ordinary 3+2 Non AC Seater,04:05,5h 15m,09:20,3.8,₹332,41 Seats
Hamirpur (Himachal Pradesh) to Chandigarh,https://www.redbus.in/bus-tickets/hamirpur-himachal-pradesh-to-chandigarh,HRTC - 649,A/C Executive (2+3),04:45,3h 45m,08:30,4.4,₹365,36 Seats
Hamirpur (Himachal Pradesh) to Chandigarh,https://www.redbus.in/bus-tickets/hamirpur-himachal-pradesh-to-chandigarh,HRTC - 654,A/C Executive (2+3),05:20,4h 40m,10:00,4.7,₹427,44 Seats
Hamirpur (Himachal Pradesh) to Chandigarh,https://www.redbus.in/bus-tickets/hamirpur-himachal-pradesh-to-chandigarh,HRTC - 616,A/C Executive (2+3),06:00,3h 50m,09:50,4.1,₹365,33 Seats
Hamirpur (Himachal Pradesh) to Chandigarh,https://www.redbus.in/bus-tickets/hamirpur-himachal-pradesh-to-chandigarh,HRTC - 652,Ordinary 3+2 Non AC Seater,06:20,6h 40m,13:00,3.8,₹402,37 Seats
Hamirpur (Himachal Pradesh) to Chandigarh,https://www.redbus.in/bus-tickets/hamirpur-himachal-pradesh-to-chandigarh,HRTC - 401269,Ordinary 3+2 Non AC Seater,06:30,4h,10:30,4,₹335,36 Seats
Hamirpur (Himachal Pradesh) to Chandigarh,https://www.redbus.in/bus-tickets/hamirpur-himachal-pradesh-to-chandigarh,HRTC - 624,Ordinary 3+2 Non AC Seater,06:45,5h 5m,11:50,3.8,₹357,27 Seats
Hamirpur (Himachal Pradesh) to Chandigarh,https://www.redbus.in/bus-tickets/hamirpur-himachal-pradesh-to-chandigarh,HRTC - 617,Ordinary 3+2 Non AC Seater,07:30,6h 40m,14:10,3.8,₹392,39 Seats
Hamirpur (Himachal Pradesh) to Chandigarh,https://www.redbus.in/bus-tickets/hamirpur-himachal-pradesh-to-chandigarh,HRTC - 641,A/C Executive (2+3),08:20,4h,12:20,3.9,₹365,29 Seats
Hamirpur (Himachal Pradesh) to Chandigarh,https://www.redbus.in/bus-tickets/hamirpur-himachal-pradesh-to-chandigarh,HRTC - 618,Ordinary 3+2 Non AC Seater,09:00,6h,15:00,3.5,₹392,37 Seats
Delhi to Chandigarh,https://www.redbus.in/bus-tickets/delhi-to-chandigarh,HRTC - 69,Himsuta AC Seater Volvo/Scania 2+2,00:40,4h 50m,05:30,3.2,₹643,33 Seats
Delhi to Chandigarh,https://www.redbus.in/bus-tickets/delhi-to-chandigarh,HRTC - 689,A/C Executive (2+3),05:20,5h 10m,10:30,3.8,₹400,42 Seats
Delhi to Chandigarh,https://www.redbus.in/bus-tickets/delhi-to-chandigarh,HRTC - 886,Ordinary 3+2 Non AC Seater,06:20,5h 50m,12:10,3.8,₹290,37 Seats
Delhi to Chandigarh,https://www.redbus.in/bus-tickets/delhi-to-chandigarh,HRTC - 505,Ordinary 3+2 Non AC Seater,06:40,5h 40m,12:20,2.9,₹285,37 Seats
Delhi to Chandigarh,https://www.redbus.in/bus-tickets/delhi-to-chandigarh,HRTC - 6,Himsuta AC Seater Volvo/Scania 2+2,06:45,5h 55m,12:40,3.8,₹643,31 Seats
Delhi to Chandigarh,https://www.redbus.in/bus-tickets/delhi-to-chandigarh,HRTC - 165,Himsuta AC Seater Volvo/Scania 2+2,07:00,5h,12:00,3.8,₹648,32 Seats
Delhi to Chandigarh,https://www.redbus.in/bus-tickets/delhi-to-chandigarh,HRTC - 533,Ordinary 3+2 Non AC Seater,07:20,5h 10m,12:30,2.9,₹290,37 Seats
Delhi to Chandigarh,https://www.redbus.in/bus-tickets/delhi-to-chandigarh,HRTC - 592,A/C Executive (2+3),08:05,5h 25m,13:30,2.1,₹400,40 Seats
Delhi to Chandigarh,https://www.redbus.in/bus-tickets/delhi-to-chandigarh,HRTC - 129,Ordinary 3+2 Non AC Seater,08:50,5h 40m,14:30,3.7,₹290,36 Seats
Delhi to Chandigarh,https://www.redbus.in/bus-tickets/delhi-to-chandigarh,HRTC - 7,Himsuta AC Seater Volvo/Scania 2+2,09:25,5h 15m,14:40,3.7,₹643,29 Seats
Delhi to Shimla,https://www.redbus.in/bus-tickets/delhi-to-shimla,HRTC - 69,Himsuta AC Seater Volvo/Scania 2+2,00:40,8h 50m,09:30,4.3,"₹1,092",33 Seats
Delhi to Shimla,https://www.redbus.in/bus-tickets/delhi-to-shimla,HRTC - 2100720,Ordinary 3+2 Non AC Seater,05:00,9h 50m,14:50,4.5,₹540,37 Seats
Delhi to Shimla,https://www.redbus.in/bus-tickets/delhi-to-shimla,HRTC - 6,Himsuta AC Seater Volvo/Scania 2+2,06:45,10h,16:45,4.5,"₹1,092",31 Seats
Delhi to Shimla,https://www.redbus.in/bus-tickets/delhi-to-shimla,HRTC - 592,A/C Executive (2+3),08:05,10h 5m,18:10,3.6,₹660,40 Seats
Delhi to Shimla,https://www.redbus.in/bus-tickets/delhi-to-shimla,HRTC - 129,Ordinary 3+2 Non AC Seater,08:50,9h 50m,18:40,3.9,₹540,37 Seats
Delhi to Shimla,https://www.redbus.in/bus-tickets/delhi-to-shimla,HRTC - 7,Himsuta AC Seater Volvo/Scania 2+2,09:25,9h 35m,19:00,4.3,"₹1,092",26 Seats
Delhi to Shimla,https://www.redbus.in/bus-tickets/delhi-to-shimla,HRTC - 657,Ordinary 3+2 Non AC Seater,11:00,11h,22:00,3.8,₹540,37 Seats
Delhi to Shimla,https://www.redbus.in/bus-tickets/delhi-to-shimla,HRTC - 515,Ordinary 3+2 Non AC Seater,12:30,10h 10m,22:40,2.2,₹540,37 Seats
Delhi to Shimla,https://www.redbus.in/bus-tickets/delhi-to-shimla,HRTC - 551,A/C Executive (2+3),15:30,10h 45m,02:15,2.6,₹660,42 Seats
Delhi to Shimla,https://www.redbus.in/bus-tickets/delhi-to-shimla,HRTC - 525,Ordinary 3+2 Non AC Seater,16:50,10h 10m,03:00,2.9,₹540,26 Seats
Shimla to Delhi,https://www.redbus.in/bus-tickets/shimla-to-delhi,HRTC - 101,Ordinary 3+2 Non AC Seater,06:12,10h 48m,17:00,3.8,₹540,37 Seats
Shimla to Delhi,https://www.redbus.in/bus-tickets/shimla-to-delhi,HRTC - 1,Himsuta AC Seater Volvo/Scania 2+2,08:30,9h,17:30,4.5,"₹1,092",20 Seats
Shimla to Delhi,https://www.redbus.in/bus-tickets/shimla-to-delhi,HRTC - 109,A/C Executive (2+3),09:12,9h 32m,18:44,2.7,₹660,42 Seats
Shimla to Delhi,https://www.redbus.in/bus-tickets/shimla-to-delhi,HRTC - 128,Ordinary 3+2 Non AC Seater,10:18,9h 42m,20:00,4.2,₹540,37 Seats
Shimla to Delhi,https://www.redbus.in/bus-tickets/shimla-to-delhi,HRTC - 2,Himsuta AC Seater Volvo/Scania 2+2,11:15,8h 45m,20:00,4.1,"₹1,092",27 Seats
Shimla to Delhi,https://www.redbus.in/bus-tickets/shimla-to-delhi,HRTC - 102,Ordinary 3+2 Non AC Seater,11:18,9h 32m,20:50,3.7,₹540,37 Seats
Shimla to Delhi,https://www.redbus.in/bus-tickets/shimla-to-delhi,HRTC - 2100719,Ordinary 3+2 Non AC Seater,13:36,9h 39m,23:15,3.9,₹540,37 Seats
Shimla to Delhi,https://www.redbus.in/bus-tickets/shimla-to-delhi,HRTC - 24,Himsuta AC Seater Volvo/Scania 2+2,13:45,8h,21:45,3.9,"₹1,067",31 Seats
Shimla to Delhi,https://www.redbus.in/bus-tickets/shimla-to-delhi,HRTC - 103,Ordinary 3+2 Non AC Seater,17:18,8h 57m,02:15,2.9,₹540,37 Seats
Shimla to Delhi,https://www.redbus.in/bus-tickets/shimla-to-delhi,HRTC - 181,Ordinary 3+2 Non AC Seater,17:50,10h 25m,04:15,3.9,₹540,37 Seats
Chamba (Himachal Pradesh) to Chandigarh,https://www.redbus.in/bus-tickets/chamba-himachal-pradesh-to-chandigarh,HRTC - 1003,Ordinary 3+2 Non AC Seater,14:30,11h 50m,02:20,3.8,₹726,37 Seats
Chamba (Himachal Pradesh) to Chandigarh,https://www.redbus.in/bus-tickets/chamba-himachal-pradesh-to-chandigarh,HRTC - 1002,Ordinary 3+2 Non AC Seater,15:00,12h 15m,03:15,4,₹691,37 Seats
Chamba (Himachal Pradesh) to Chandigarh,https://www.redbus.in/bus-tickets/chamba-himachal-pradesh-to-chandigarh,,,,,,,,
Chamba (Himachal Pradesh) to Chandigarh,https://www.redbus.in/bus-tickets/chamba-himachal-pradesh-to-chandigarh,,,,,,,,
Chamba (Himachal Pradesh) to Chandigarh,https://www.redbus.in/bus-tickets/chamba-himachal-pradesh-to-chandigarh,,,,,,,,
Chamba (Himachal Pradesh) to Chandigarh,https://www.redbus.in/bus-tickets/chamba-himachal-pradesh-to-chandigarh,,,,,,,,
Chamba (Himachal Pradesh) to Chandigarh,https://www.redbus.in/bus-tickets/chamba-himachal-pradesh-to-chandigarh,,,,,,,,
Delhi to Baddi (Himachal Pradesh),https://www.redbus.in/bus-tickets/delhi-to-baddi-himachal-pradesh,HRTC - 533,Ordinary 3+2 Non AC Seater,07:20,7h 10m,14:30,4.4,₹325,36 Seats
Delhi to Baddi (Himachal Pradesh),https://www.redbus.in/bus-tickets/delhi-to-baddi-himachal-pradesh,HRTC - 513,Ordinary 3+2 Non AC Seater,10:30,5h 30m,16:00,2.5,₹325,26 Seats
Delhi to Baddi (Himachal Pradesh),https://www.redbus.in/bus-tickets/delhi-to-baddi-himachal-pradesh,HRTC - 6754,A/C Executive (2+3),12:00,6h 5m,18:05,4,₹430,44 Seats
Delhi to Baddi (Himachal Pradesh),https://www.redbus.in/bus-tickets/delhi-to-baddi-himachal-pradesh,HRTC - 568,Ordinary 3+2 Non AC Seater,21:30,6h 30m,04:00,3.8,₹325,39 Seats
Delhi to Baddi (Himachal Pradesh),https://www.redbus.in/bus-tickets/delhi-to-baddi-himachal-pradesh,HRTC - 580,Ordinary 3+2 Non AC Seater,22:45,6h 15m,05:00,4.2,₹325,37 Seats
Delhi to Baddi (Himachal Pradesh),https://www.redbus.in/bus-tickets/delhi-to-baddi-himachal-pradesh,HRTC - 576,Himsuta AC Seater Volvo/Scania 2+2,23:20,4h 20m,03:40,3.9,₹713,35 Seats
Ghumarwin to Chandigarh,https://www.redbus.in/bus-tickets/ghumarwin-to-chandigarh,HRTC - 6651,Ordinary 3+2 Non AC Seater,05:30,3h 50m,09:20,3.8,₹227,41 Seats
Ghumarwin to Chandigarh,https://www.redbus.in/bus-tickets/ghumarwin-to-chandigarh,HRTC - 667,Ordinary 3+2 Non AC Seater,05:45,3h 5m,08:50,2.9,₹230,33 Seats
Ghumarwin to Chandigarh,https://www.redbus.in/bus-tickets/ghumarwin-to-chandigarh,HRTC - 649,A/C Executive (2+3),06:05,2h 25m,08:30,3.1,₹260,44 Seats
Ghumarwin to Chandigarh,https://www.redbus.in/bus-tickets/ghumarwin-to-chandigarh,HRTC - 663,Ordinary 3+2 Non AC Seater,06:35,2h 55m,09:30,3.8,₹230,34 Seats
Ghumarwin to Chandigarh,https://www.redbus.in/bus-tickets/ghumarwin-to-chandigarh,HRTC - 616,A/C Executive (2+3),07:00,2h 50m,09:50,5,₹260,37 Seats
Ghumarwin to Chandigarh,https://www.redbus.in/bus-tickets/ghumarwin-to-chandigarh,HRTC - 741,Ordinary 3+2 Non AC Seater,07:00,3h,10:00,3.8,₹230,37 Seats
Ghumarwin to Chandigarh,https://www.redbus.in/bus-tickets/ghumarwin-to-chandigarh,HRTC - 401269,Ordinary 3+2 Non AC Seater,07:40,2h 50m,10:30,3.5,₹230,37 Seats
Ghumarwin to Chandigarh,https://www.redbus.in/bus-tickets/ghumarwin-to-chandigarh,HRTC - 887,Ordinary 3+2 Non AC Seater,08:00,3h,11:00,3.8,₹230,37 Seats
Ghumarwin to Chandigarh,https://www.redbus.in/bus-tickets/ghumarwin-to-chandigarh,HRTC - 401271,Ordinary 3+2 Non AC Seater,08:45,2h 45m,11:30,4.3,₹230,37 Seats
Ghumarwin to Chandigarh,https://www.redbus.in/bus-tickets/ghumarwin-to-chandigarh,HRTC - 641,A/C Executive (2+3),09:20,3h,12:20,3.3,₹260,30 Seats
Delhi to Chamba (Himachal Pradesh),https://www.redbus.in/bus-tickets/delhi-to-chamba-himachal-pradesh,HRTC - 531,Ordinary 3+2 Non AC Seater,17:50,16h 10m,10:00,3.6,₹900,36 Seats
Delhi to Chamba (Himachal Pradesh),https://www.redbus.in/bus-tickets/delhi-to-chamba-himachal-pradesh,HRTC - 590,A/C Executive (2+3),19:00,15h 15m,10:15,3.2,"₹1,116",36 Seats
Delhi to Chamba (Himachal Pradesh),https://www.redbus.in/bus-tickets/delhi-to-chamba-himachal-pradesh,,,,,,,,
Kangra to Chandigarh,https://www.redbus.in/bus-tickets/kangra-to-chandigarh,HRTC - 906,Ordinary 3+2 Non AC Seater,06:00,6h 15m,12:15,2.7,₹422,33 Seats
Kangra to Chandigarh,https://www.redbus.in/bus-tickets/kangra-to-chandigarh,HRTC - 1138,Ordinary 3+2 Non AC Seater,07:40,6h 35m,14:15,3.8,₹422,37 Seats
Kangra to Chandigarh,https://www.redbus.in/bus-tickets/kangra-to-chandigarh,HRTC - 110,Himsuta AC Seater Volvo/Scania 2+2,07:40,7h 15m,14:55,4.7,₹829,31 Seats
Kangra to Chandigarh,https://www.redbus.in/bus-tickets/kangra-to-chandigarh,HRTC - 923,Ordinary 3+2 Non AC Seater,08:00,5h 35m,13:35,3.8,₹422,36 Seats
Kangra to Chandigarh,https://www.redbus.in/bus-tickets/kangra-to-chandigarh,HRTC - 1108,Ordinary 3+2 Non AC Seater,09:05,7h 25m,16:30,3.8,₹445,37 Seats
Kangra to Chandigarh,https://www.redbus.in/bus-tickets/kangra-to-chandigarh,HRTC - 926,Ordinary 3+2 Non AC Seater,10:15,7h 50m,18:05,3.8,₹442,37 Seats
Kangra to Chandigarh,https://www.redbus.in/bus-tickets/kangra-to-chandigarh,HRTC - 1125,Ordinary 3+2 Non AC Seater,10:30,7h 40m,18:10,3.8,₹422,37 Seats
Kangra to Chandigarh,https://www.redbus.in/bus-tickets/kangra-to-chandigarh,HRTC - 1118,Ordinary 3+2 Non AC Seater,11:10,6h 20m,17:30,3.8,₹428,37 Seats
Kangra to Chandigarh,https://www.redbus.in/bus-tickets/kangra-to-chandigarh,HRTC - 915,Ordinary 3+2 Non AC Seater,11:30,6h 45m,18:15,3.8,₹444,37 Seats
Kangra to Chandigarh,https://www.redbus.in/bus-tickets/kangra-to-chandigarh,HRTC - 1113,Ordinary 3+2 Non AC Seater,11:50,6h 35m,18:25,3.5,₹422,37 Seats
Hamirpur (Himachal Pradesh) to Delhi,https://www.redbus.in/bus-tickets/hamirpur-himachal-pradesh-to-delhi,HRTC - 6651,Ordinary 3+2 Non AC Seater,04:05,12h 25m,16:30,4.6,₹597,41 Seats
Hamirpur (Himachal Pradesh) to Delhi,https://www.redbus.in/bus-tickets/hamirpur-himachal-pradesh-to-delhi,HRTC - 617,Ordinary 3+2 Non AC Seater,07:30,11h 30m,19:00,4.6,₹662,39 Seats
Hamirpur (Himachal Pradesh) to Delhi,https://www.redbus.in/bus-tickets/hamirpur-himachal-pradesh-to-delhi,HRTC - 164,Himsuta AC Seater Volvo/Scania 2+2,09:30,10h 35m,20:05,4.2,"₹1,232",26 Seats
Hamirpur (Himachal Pradesh) to Delhi,https://www.redbus.in/bus-tickets/hamirpur-himachal-pradesh-to-delhi,HRTC - 656,Ordinary 3+2 Non AC Seater,15:10,13h 50m,05:00,4.3,₹772,37 Seats
Hamirpur (Himachal Pradesh) to Delhi,https://www.redbus.in/bus-tickets/hamirpur-himachal-pradesh-to-delhi,HRTC - 603,Ordinary 3+2 Non AC Seater,16:40,12h 20m,05:00,4.1,₹672,32 Seats
Hamirpur (Himachal Pradesh) to Delhi,https://www.redbus.in/bus-tickets/hamirpur-himachal-pradesh-to-delhi,HRTC - 602,Ordinary 3+2 Non AC Seater,17:20,10h 40m,04:00,3.7,₹627,37 Seats
Hamirpur (Himachal Pradesh) to Delhi,https://www.redbus.in/bus-tickets/hamirpur-himachal-pradesh-to-delhi,HRTC - 601,Ordinary 3+2 Non AC Seater,18:30,10h,04:30,4.4,₹605,37 Seats
Hamirpur (Himachal Pradesh) to Delhi,https://www.redbus.in/bus-tickets/hamirpur-himachal-pradesh-to-delhi,HRTC - 651,Ordinary 3+2 Non AC Seater,19:40,9h 20m,05:00,4,₹605,29 Seats
Hamirpur (Himachal Pradesh) to Delhi,https://www.redbus.in/bus-tickets/hamirpur-himachal-pradesh-to-delhi,HRTC - 15,Himsuta AC Seater Volvo/Scania 2+2,20:00,8h 30m,04:30,4.6,"₹1,232",29 Seats
Hamirpur (Himachal Pradesh) to Delhi,https://www.redbus.in/bus-tickets/hamirpur-himachal-pradesh-to-delhi,HRTC - 1106,Ordinary 3+2 Non AC Seater,21:40,8h 50m,06:30,4.8,₹605,24 Seats
Sunder Nagar (Himachal Pradesh) to Chandigarh,https://www.redbus.in/bus-tickets/sundernagar-himachal-pradesh-to-chandigarh,HRTC - 713,Himsuta AC Seater Volvo/Scania 2+2,01:40,4h 20m,06:00,3.4,₹529,34 Seats
Sunder Nagar (Himachal Pradesh) to Chandigarh,https://www.redbus.in/bus-tickets/sundernagar-himachal-pradesh-to-chandigarh,HRTC - 701,Ordinary 3+2 Non AC Seater,01:45,3h 45m,05:30,3.8,₹305,37 Seats
Sunder Nagar (Himachal Pradesh) to Chandigarh,https://www.redbus.in/bus-tickets/sundernagar-himachal-pradesh-to-chandigarh,HRTC - 783,A/C Executive (2+3),04:40,4h 40m,09:20,4.9,₹348,42 Seats
Sunder Nagar (Himachal Pradesh) to Chandigarh,https://www.redbus.in/bus-tickets/sundernagar-himachal-pradesh-to-chandigarh,HRTC - 774,Ordinary 3+2 Non AC Seater,05:15,5h 45m,11:00,3.8,₹305,37 Seats
Sunder Nagar (Himachal Pradesh) to Chandigarh,https://www.redbus.in/bus-tickets/sundernagar-himachal-pradesh-to-chandigarh,HRTC - 984,A/C Executive (2+3),06:00,3h 30m,09:30,4.1,₹320,40 Seats
Sunder Nagar (Himachal Pradesh) to Chandigarh,https://www.redbus.in/bus-tickets/sundernagar-himachal-pradesh-to-chandigarh,HRTC - 706,Ordinary 3+2 Non AC Seater,06:45,4h 45m,11:30,3.8,₹305,37 Seats
Sunder Nagar (Himachal Pradesh) to Chandigarh,https://www.redbus.in/bus-tickets/sundernagar-himachal-pradesh-to-chandigarh,HRTC - 777,Ordinary 3+2 Non AC Seater,07:15,5h 15m,12:30,3.8,₹305,34 Seats
Sunder Nagar (Himachal Pradesh) to Chandigarh,https://www.redbus.in/bus-tickets/sundernagar-himachal-pradesh-to-chandigarh,HRTC - 733,A/C Executive (2+3),07:40,4h 50m,12:30,3.1,₹335,41 Seats
Sunder Nagar (Himachal Pradesh) to Chandigarh,https://www.redbus.in/bus-tickets/sundernagar-himachal-pradesh-to-chandigarh,HRTC - 714,Ordinary 3+2 Non AC Seater,08:15,5h 15m,13:30,3.8,₹305,39 Seats
Sunder Nagar (Himachal Pradesh) to Chandigarh,https://www.redbus.in/bus-tickets/sundernagar-himachal-pradesh-to-chandigarh,HRTC - 772,A/C Executive (2+3),09:15,3h 30m,12:45,2.9,₹325,38 Seats
Shimla to Chandigarh,https://www.redbus.in/bus-tickets/shimla-to-chandigarh,HRTC - 101,Ordinary 3+2 Non AC Seater,06:12,4h 8m,10:20,5,₹270,37 Seats
Shimla to Chandigarh,https://www.redbus.in/bus-tickets/shimla-to-chandigarh,HRTC - 140,Ordinary 3+2 Non AC Seater,06:40,4h 10m,10:50,3.8,₹270,41 Seats
Shimla to Chandigarh,https://www.redbus.in/bus-tickets/shimla-to-chandigarh,HRTC - 141,Ordinary 3+2 Non AC Seater,07:25,3h 25m,10:50,3.8,₹270,37 Seats
Shimla to Chandigarh,https://www.redbus.in/bus-tickets/shimla-to-chandigarh,HRTC - 142,Ordinary 3+2 Non AC Seater,07:40,3h 40m,11:20,3.8,₹270,37 Seats
Shimla to Chandigarh,https://www.redbus.in/bus-tickets/shimla-to-chandigarh,HRTC - 2030269,Ordinary 3+2 Non AC Seater,08:00,3h 50m,11:50,3.8,₹270,37 Seats
Shimla to Chandigarh,https://www.redbus.in/bus-tickets/shimla-to-chandigarh,HRTC - 143,Ordinary 3+2 Non AC Seater,08:12,3h 28m,11:40,4.7,₹270,37 Seats
Shimla to Chandigarh,https://www.redbus.in/bus-tickets/shimla-to-chandigarh,HRTC - 158,Ordinary 3+2 Non AC Seater,09:05,3h 55m,13:00,3.8,₹270,37 Seats
Shimla to Chandigarh,https://www.redbus.in/bus-tickets/shimla-to-chandigarh,HRTC - 109,A/C Executive (2+3),09:12,4h 28m,13:40,3.9,₹285,38 Seats
Shimla to Chandigarh,https://www.redbus.in/bus-tickets/shimla-to-chandigarh,HRTC - 145,Ordinary 3+2 Non AC Seater,09:54,4h 6m,14:00,3.8,₹270,37 Seats
Shimla to Chandigarh,https://www.redbus.in/bus-tickets/shimla-to-chandigarh,HRTC - 2030255,Ordinary 3+2 Non AC Seater,10:05,3h 55m,14:00,3.8,₹270,37 Seats
Chamba (Himachal Pradesh) to Delhi,https://www.redbus.in/bus-tickets/chamba-himachal-pradesh-to-delhi,HRTC - 1017,Ordinary 3+2 Non AC Seater,12:50,17h 10m,06:00,3.4,₹900,37 Seats
Chamba (Himachal Pradesh) to Delhi,https://www.redbus.in/bus-tickets/chamba-himachal-pradesh-to-delhi,HRTC - 1002,Ordinary 3+2 Non AC Seater,15:00,17h 30m,08:30,2.2,₹961,37 Seats
Chamba (Himachal Pradesh) to Delhi,https://www.redbus.in/bus-tickets/chamba-himachal-pradesh-to-delhi,,,,,,,,
Chamba (Himachal Pradesh) to Delhi,https://www.redbus.in/bus-tickets/chamba-himachal-pradesh-to-delhi,,,,,,,,
Jaipur (Rajasthan) to Jodhpur,https://www.redbus.in/bus-tickets/jaipur-to-jodhpur,RSRTC - 179809,NON AC Seater / Sleeper 2+1,02:25,7h 25m,09:50,3.4,₹448,"20 Seats
(6 Single)"
Jaipur (Rajasthan) to Jodhpur,https://www.redbus.in/bus-tickets/jaipur-to-jodhpur,RSRTC - 194409,Express Non AC Seater 2+3,04:50,7h 40m,12:30,3.4,₹363,42 Seats
Jaipur (Rajasthan) to Jodhpur,https://www.redbus.in/bus-tickets/jaipur-to-jodhpur,RSRTC - 199298,Express Non AC Seater 2+3,05:50,7h 40m,13:30,3.4,₹400,42 Seats
Jaipur (Rajasthan) to Jodhpur,https://www.redbus.in/bus-tickets/jaipur-to-jodhpur,RSRTC - 182397,Express Non AC Seater 2+3,06:14,7h 46m,14:00,3.4,₹363,42 Seats
Jaipur (Rajasthan) to Jodhpur,https://www.redbus.in/bus-tickets/jaipur-to-jodhpur,RSRTC - 203948,Volvo A/C Seater (2+2),06:30,6h,12:30,3.4,₹814,25 Seats
Jaipur (Rajasthan) to Jodhpur,https://www.redbus.in/bus-tickets/jaipur-to-jodhpur,RSRTC - 167408,Express Non AC Seater 2+3,07:00,7h 40m,14:40,3.4,₹363,42 Seats
Jaipur (Rajasthan) to Jodhpur,https://www.redbus.in/bus-tickets/jaipur-to-jodhpur,RSRTC - 160780,Volvo A/C Seater (2+2),07:30,6h 15m,13:45,4,₹814,24 Seats
Jaipur (Rajasthan) to Jodhpur,https://www.redbus.in/bus-tickets/jaipur-to-jodhpur,RSRTC - 195910,Express Non AC Seater 2+3,08:06,7h 39m,15:45,4.1,₹363,42 Seats
Jaipur (Rajasthan) to Jodhpur,https://www.redbus.in/bus-tickets/jaipur-to-jodhpur,RSRTC - 142360,Volvo A/C Seater (2+2),08:30,6h 15m,14:45,3.7,₹814,26 Seats
Jaipur (Rajasthan) to Jodhpur,https://www.redbus.in/bus-tickets/jaipur-to-jodhpur,RSRTC - 174473,Express Non AC Seater 2+3,08:50,7h 40m,16:30,3.4,₹400,42 Seats
Jodhpur to Ajmer,https://www.redbus.in/bus-tickets/jodhpur-to-ajmer,RSRTC - 203950,Volvo A/C Seater (2+2),00:00,15h 50m,15:50,3.9,₹507,28 Seats
Jodhpur to Ajmer,https://www.redbus.in/bus-tickets/jodhpur-to-ajmer,RSRTC - 199450,Express Non AC Seater 2+3,04:45,4h 30m,09:15,3.9,₹251,42 Seats
Jodhpur to Ajmer,https://www.redbus.in/bus-tickets/jodhpur-to-ajmer,RSRTC - 201197,Volvo A/C Seater (2+2),06:00,3h 50m,09:50,4,₹507,21 Seats
Jodhpur to Ajmer,https://www.redbus.in/bus-tickets/jodhpur-to-ajmer,RSRTC - 199865,Volvo A/C Seater (2+2),07:00,3h 50m,10:50,3.9,₹507,29 Seats
Jodhpur to Ajmer,https://www.redbus.in/bus-tickets/jodhpur-to-ajmer,RSRTC - 201621,Volvo A/C Seater (2+2),08:00,3h 50m,11:50,3.9,₹507,29 Seats
Jodhpur to Ajmer,https://www.redbus.in/bus-tickets/jodhpur-to-ajmer,RSRTC - 174461,Express Non AC Seater 2+3,09:30,4h 45m,14:15,3.9,₹251,42 Seats
Jodhpur to Ajmer,https://www.redbus.in/bus-tickets/jodhpur-to-ajmer,RSRTC - 179321,Express Non AC Seater 2+3,10:00,4h 30m,14:30,3.9,₹229,42 Seats
Jodhpur to Ajmer,https://www.redbus.in/bus-tickets/jodhpur-to-ajmer,RSRTC - 193432,Express Non AC Seater 2+3,10:00,5h 45m,15:45,3.9,₹257,21 Seats
Jodhpur to Ajmer,https://www.redbus.in/bus-tickets/jodhpur-to-ajmer,RSRTC - 179320,Express Non AC Seater 2+3,10:15,4h 25m,14:40,3.9,₹229,42 Seats
Jodhpur to Ajmer,https://www.redbus.in/bus-tickets/jodhpur-to-ajmer,RSRTC - 194531,Volvo A/C Seater (2+2),11:00,4h,15:00,4.5,₹460,37 Seats
Beawar (Rajasthan) to Jaipur (Rajasthan),https://www.redbus.in/bus-tickets/beawer-to-jaipur,RSRTC - 172841,Volvo A/C Seater (2+2),00:35,3h 40m,04:15,3.7,₹424,37 Seats
Beawar (Rajasthan) to Jaipur (Rajasthan),https://www.redbus.in/bus-tickets/beawer-to-jaipur,RSRTC - 198959,NON AC Seater / Sleeper 2+1,00:45,3h 45m,04:30,3.7,₹282,"36 Seats
(12 Single)"
Beawar (Rajasthan) to Jaipur (Rajasthan),https://www.redbus.in/bus-tickets/beawer-to-jaipur,RSRTC - 203404,Express Non AC Seater 2+3,00:45,4h 15m,05:00,3.7,₹231,45 Seats
Beawar (Rajasthan) to Jaipur (Rajasthan),https://www.redbus.in/bus-tickets/beawer-to-jaipur,RSRTC - 193312,A/C Seater / Sleeper (2+1),01:15,3h 45m,05:00,2,₹413,"36 Seats
(12 Single)"
Beawar (Rajasthan) to Jaipur (Rajasthan),https://www.redbus.in/bus-tickets/beawer-to-jaipur,RSRTC - 192299,Volvo A/C Seater (2+2),01:45,3h 45m,05:30,4.5,₹466,33 Seats
Beawar (Rajasthan) to Jaipur (Rajasthan),https://www.redbus.in/bus-tickets/beawer-to-jaipur,RSRTC - 189583,NON AC Seater / Sleeper 2+1,02:45,3h 45m,06:30,3.7,₹282,"36 Seats
(12 Single)"
Beawar (Rajasthan) to Jaipur (Rajasthan),https://www.redbus.in/bus-tickets/beawer-to-jaipur,RSRTC - 173716,NON AC Seater / Sleeper 2+1,03:30,4h 30m,08:00,3.7,₹324,"36 Seats
(12 Single)"
Beawar (Rajasthan) to Jaipur (Rajasthan),https://www.redbus.in/bus-tickets/beawer-to-jaipur,RSRTC - 171941,Express Non AC Seater 2+3,06:40,7h 5m,13:45,3.7,₹247,"46 Seats
(3 Single)"
Beawar (Rajasthan) to Jaipur (Rajasthan),https://www.redbus.in/bus-tickets/beawer-to-jaipur,RSRTC - 193773,Express Non AC Seater 2+3,07:20,4h 20m,11:40,3.7,₹211,42 Seats
Beawar (Rajasthan) to Jaipur (Rajasthan),https://www.redbus.in/bus-tickets/beawer-to-jaipur,RSRTC - 202755,Express Non AC Seater 2+3,07:55,4h 25m,12:20,3.7,₹211,42 Seats
Udaipur to Jodhpur,https://www.redbus.in/bus-tickets/udaipur-to-jodhpur,RSRTC - 174534,Express Non AC Seater 2+3,05:45,6h 15m,12:00,4,₹329,42 Seats
Udaipur to Jodhpur,https://www.redbus.in/bus-tickets/udaipur-to-jodhpur,RSRTC - 203499,Volvo A/C Seater (2+2),06:00,5h,11:00,3.9,₹659,13 Seats
Udaipur to Jodhpur,https://www.redbus.in/bus-tickets/udaipur-to-jodhpur,RSRTC - 146395,Express Non AC Seater 2+3,06:45,7h 15m,14:00,3.8,₹299,42 Seats
Udaipur to Jodhpur,https://www.redbus.in/bus-tickets/udaipur-to-jodhpur,RSRTC - 203543,Deluxe AC Seater 2+2,07:15,5h 25m,12:40,3.8,₹573,36 Seats
Udaipur to Jodhpur,https://www.redbus.in/bus-tickets/udaipur-to-jodhpur,RSRTC - 174533,Express Non AC Seater 2+3,08:45,7h 15m,16:00,3.8,₹329,42 Seats
Udaipur to Jodhpur,https://www.redbus.in/bus-tickets/udaipur-to-jodhpur,RSRTC - 191330,Express Non AC Seater 2+3,09:15,7h 15m,16:30,3.3,₹323,42 Seats
Udaipur to Jodhpur,https://www.redbus.in/bus-tickets/udaipur-to-jodhpur,RSRTC - 203526,Deluxe AC Seater 2+2,10:30,5h 30m,16:00,3.8,₹573,35 Seats
Udaipur to Jodhpur,https://www.redbus.in/bus-tickets/udaipur-to-jodhpur,RSRTC - 184043,Express Non AC Seater 2+3,12:45,6h 15m,19:00,3.7,₹299,42 Seats
Udaipur to Jodhpur,https://www.redbus.in/bus-tickets/udaipur-to-jodhpur,RSRTC - 183203,Express Non AC Seater 2+3,13:30,6h,19:30,2.2,₹299,42 Seats
Udaipur to Jodhpur,https://www.redbus.in/bus-tickets/udaipur-to-jodhpur,RSRTC - 204024,Deluxe AC Seater 2+2,14:20,6h,20:20,3.8,₹573,33 Seats
Sikar to Jaipur (Rajasthan),https://www.redbus.in/bus-tickets/sikar-to-jaipur,RSRTC - 182762,Express Non AC Seater 2+3,02:50,2h 25m,05:15,3.5,₹141,41 Seats
Sikar to Jaipur (Rajasthan),https://www.redbus.in/bus-tickets/sikar-to-jaipur,RSRTC - 203566,Deluxe AC Seater 2+2,05:00,2h 15m,07:15,3.5,₹244,36 Seats
Sikar to Jaipur (Rajasthan),https://www.redbus.in/bus-tickets/sikar-to-jaipur,RSRTC - 203316,Deluxe AC Seater 2+2,05:00,2h,07:00,3.5,₹228,37 Seats
Sikar to Jaipur (Rajasthan),https://www.redbus.in/bus-tickets/sikar-to-jaipur,RSRTC - 185347,Express Non AC Seater 2+3,05:15,2h 30m,07:45,3.5,₹141,41 Seats
Sikar to Jaipur (Rajasthan),https://www.redbus.in/bus-tickets/sikar-to-jaipur,RSRTC - 188887,Express Non AC Seater 2+3,05:40,3h 25m,09:05,3.5,₹165,42 Seats
Sikar to Jaipur (Rajasthan),https://www.redbus.in/bus-tickets/sikar-to-jaipur,RSRTC - 188884,Express Non AC Seater 2+3,05:50,2h 30m,08:20,3.5,₹129,42 Seats
Sikar to Jaipur (Rajasthan),https://www.redbus.in/bus-tickets/sikar-to-jaipur,RSRTC - 202351,Express Non AC Seater 2+3,06:00,4h 30m,10:30,3.5,₹142,42 Seats
Sikar to Jaipur (Rajasthan),https://www.redbus.in/bus-tickets/sikar-to-jaipur,RSRTC - 197949,Express Non AC Seater 2+3,06:46,2h 14m,09:00,3.5,₹129,42 Seats
Sikar to Jaipur (Rajasthan),https://www.redbus.in/bus-tickets/sikar-to-jaipur,RSRTC - 175164,Express Non AC Seater 2+3,07:10,2h 30m,09:40,3.5,₹129,42 Seats
Sikar to Jaipur (Rajasthan),https://www.redbus.in/bus-tickets/sikar-to-jaipur,RSRTC - 166806,Express Non AC Seater 2+3,07:15,2h 15m,09:30,3.5,₹129,42 Seats
Jaipur (Rajasthan) to Bharatpur,https://www.redbus.in/bus-tickets/jaipur-to-bharatpur,RSRTC - 195857,Express Non AC Seater 2+3,00:45,4h 15m,05:00,3.5,₹205,42 Seats
Jaipur (Rajasthan) to Bharatpur,https://www.redbus.in/bus-tickets/jaipur-to-bharatpur,RSRTC - 204229,Express Non AC Seater 2+3,01:30,4h,05:30,3.5,₹224,42 Seats
Jaipur (Rajasthan) to Bharatpur,https://www.redbus.in/bus-tickets/jaipur-to-bharatpur,RSRTC - 203994,Express Non AC Seater 2+3,01:30,4h 15m,05:45,3.5,₹224,42 Seats
Jaipur (Rajasthan) to Bharatpur,https://www.redbus.in/bus-tickets/jaipur-to-bharatpur,RSRTC - 195736,Express Non AC Seater 2+3,01:30,4h,05:30,3.5,₹205,42 Seats
Jaipur (Rajasthan) to Bharatpur,https://www.redbus.in/bus-tickets/jaipur-to-bharatpur,RSRTC - 203973,Express Non AC Seater 2+3,02:45,4h,06:45,1.3,₹224,42 Seats
Jaipur (Rajasthan) to Bharatpur,https://www.redbus.in/bus-tickets/jaipur-to-bharatpur,RSRTC - 196536,Express Non AC Seater 2+3,03:30,3h 30m,07:00,3.5,₹224,42 Seats
Jaipur (Rajasthan) to Bharatpur,https://www.redbus.in/bus-tickets/jaipur-to-bharatpur,RSRTC - 204177,Express Non AC Seater 2+3,05:20,23h 40m,05:00,N/A,₹224,42 Seats
Jaipur (Rajasthan) to Bharatpur,https://www.redbus.in/bus-tickets/jaipur-to-bharatpur,RSRTC - 182569,Express Non AC Seater 2+3,05:30,3h 40m,09:10,N/A,₹205,42 Seats
Jaipur (Rajasthan) to Bharatpur,https://www.redbus.in/bus-tickets/jaipur-to-bharatpur,RSRTC - 195606,Express Non AC Seater 2+3,05:30,4h,09:30,N/A,₹205,42 Seats
Jaipur (Rajasthan) to Bharatpur,https://www.redbus.in/bus-tickets/jaipur-to-bharatpur,RSRTC - 191443,Express Non AC Seater 2+3,05:40,4h,09:40,N/A,₹205,42 Seats
Kota(Rajasthan) to Jaipur (Rajasthan),https://www.redbus.in/bus-tickets/kota-rajasthan-to-jaipur,RSRTC - 191379,NON AC Seater / Sleeper 2+1,03:20,5h 10m,08:30,2.6,₹353,"35 Seats
(11 Single)"
Kota(Rajasthan) to Jaipur (Rajasthan),https://www.redbus.in/bus-tickets/kota-rajasthan-to-jaipur,RSRTC - 194517,Volvo A/C Seater (2+2),05:30,4h 30m,10:00,4.1,₹479,30 Seats
Kota(Rajasthan) to Jaipur (Rajasthan),https://www.redbus.in/bus-tickets/kota-rajasthan-to-jaipur,RSRTC - 194085,Deluxe AC Seater 2+2,06:40,5h 20m,12:00,4,₹509,36 Seats
Kota(Rajasthan) to Jaipur (Rajasthan),https://www.redbus.in/bus-tickets/kota-rajasthan-to-jaipur,RSRTC - 172730,Express Non AC Seater 2+3,07:39,6h 36m,14:15,3.9,₹291,42 Seats
Kota(Rajasthan) to Jaipur (Rajasthan),https://www.redbus.in/bus-tickets/kota-rajasthan-to-jaipur,RSRTC - 197753,Express Non AC Seater 2+3,09:45,14h 15m,00:00,3.9,₹265,42 Seats
Kota(Rajasthan) to Jaipur (Rajasthan),https://www.redbus.in/bus-tickets/kota-rajasthan-to-jaipur,RSRTC - 199582,Express Non AC Seater 2+3,09:45,5h 45m,15:30,3.9,₹265,42 Seats
Kota(Rajasthan) to Jaipur (Rajasthan),https://www.redbus.in/bus-tickets/kota-rajasthan-to-jaipur,RSRTC - 200138,Express Non AC Seater 2+3,10:20,7h 10m,17:30,3.9,₹272,42 Seats
Kota(Rajasthan) to Jaipur (Rajasthan),https://www.redbus.in/bus-tickets/kota-rajasthan-to-jaipur,RSRTC - 200218,Express Non AC Seater 2+3,11:00,5h 20m,16:20,4.8,₹291,42 Seats
Kota(Rajasthan) to Jaipur (Rajasthan),https://www.redbus.in/bus-tickets/kota-rajasthan-to-jaipur,RSRTC - 200189,Express Non AC Seater 2+3,11:45,5h 45m,17:30,3.9,₹265,42 Seats
Kota(Rajasthan) to Jaipur (Rajasthan),https://www.redbus.in/bus-tickets/kota-rajasthan-to-jaipur,RSRTC - 200143,Express Non AC Seater 2+3,12:15,5h 30m,17:45,3.9,₹265,"46 Seats
(3 Single)"
Jodhpur to Beawar (Rajasthan),https://www.redbus.in/bus-tickets/jodhpur-to-beawer,RSRTC - 203950,Volvo A/C Seater (2+2),00:00,14h 50m,14:50,3.5,₹371,37 Seats
Jodhpur to Beawar (Rajasthan),https://www.redbus.in/bus-tickets/jodhpur-to-beawer,RSRTC - 201197,Volvo A/C Seater (2+2),06:00,2h 50m,08:50,5,₹371,33 Seats
Jodhpur to Beawar (Rajasthan),https://www.redbus.in/bus-tickets/jodhpur-to-beawer,RSRTC - 199865,Volvo A/C Seater (2+2),07:00,2h 50m,09:50,4.8,₹339,37 Seats
Jodhpur to Beawar (Rajasthan),https://www.redbus.in/bus-tickets/jodhpur-to-beawer,RSRTC - 201621,Volvo A/C Seater (2+2),08:00,2h 45m,10:45,2.9,₹339,37 Seats
Jodhpur to Beawar (Rajasthan),https://www.redbus.in/bus-tickets/jodhpur-to-beawer,RSRTC - 194536,Volvo A/C Seater (2+2),09:05,2h 55m,12:00,4.1,₹339,37 Seats
Jodhpur to Beawar (Rajasthan),https://www.redbus.in/bus-tickets/jodhpur-to-beawer,RSRTC - 174461,Express Non AC Seater 2+3,09:30,3h 15m,12:45,3.5,₹183,42 Seats
Jodhpur to Beawar (Rajasthan),https://www.redbus.in/bus-tickets/jodhpur-to-beawer,RSRTC - 179321,Express Non AC Seater 2+3,10:00,3h 20m,13:20,3.5,₹167,42 Seats
Jodhpur to Beawar (Rajasthan),https://www.redbus.in/bus-tickets/jodhpur-to-beawer,RSRTC - 194531,Volvo A/C Seater (2+2),11:00,2h 50m,13:50,4.9,₹339,37 Seats
Jodhpur to Beawar (Rajasthan),https://www.redbus.in/bus-tickets/jodhpur-to-beawer,RSRTC - 182944,Express Non AC Seater 2+3,11:15,3h 20m,14:35,3.5,₹167,42 Seats
Jodhpur to Beawar (Rajasthan),https://www.redbus.in/bus-tickets/jodhpur-to-beawer,RSRTC - 166749,Express Non AC Seater 2+3,11:30,3h 5m,14:35,3.5,₹167,42 Seats
Aligarh (uttar pradesh) to Jaipur (Rajasthan),https://www.redbus.in/bus-tickets/aligarh-uttar-pradesh-to-jaipur,UPSRTC - ALI0025,Ordinary Express Non AC Seater 2+2,08:00,9h 15m,17:15,3.3,₹382,52 Seats
Aligarh (uttar pradesh) to Jaipur (Rajasthan),https://www.redbus.in/bus-tickets/aligarh-uttar-pradesh-to-jaipur,UPSRTC - BSR0033,Ordinary Express Non AC Seater 2+2,08:45,8h 15m,17:00,3.3,₹382,52 Seats
Aligarh (uttar pradesh) to Jaipur (Rajasthan),https://www.redbus.in/bus-tickets/aligarh-uttar-pradesh-to-jaipur,UPSRTC - BDV0128,Ordinary Express Non AC Seater 2+2,11:39,9h 16m,20:55,3.3,₹382,52 Seats
Aligarh (uttar pradesh) to Jaipur (Rajasthan),https://www.redbus.in/bus-tickets/aligarh-uttar-pradesh-to-jaipur,UPSRTC - BDV0146,Ordinary Express Non AC Seater 2+2,17:29,8h 51m,02:20,3.3,₹382,51 Seats
Aligarh (uttar pradesh) to Jaipur (Rajasthan),https://www.redbus.in/bus-tickets/aligarh-uttar-pradesh-to-jaipur,UPSRTC - ALI0024,Ordinary Non AC Seater 2+3,21:00,8h,05:00,4.6,₹382,52 Seats
Guwahati to Tezpur,https://www.redbus.in/bus-tickets/guwahati-to-tezpur,Assam State Transport Corporation (ASTC) - 172754,Bharat Benz A/C Seater (2+2),06:10,3h 50m,10:00,4,₹298,14 Seats
Guwahati to Tezpur,https://www.redbus.in/bus-tickets/guwahati-to-tezpur,Assam State Transport Corporation (ASTC) - 143955,Bharat Benz A/C Seater (2+2),07:00,4h,11:00,4.1,₹298,26 Seats
Guwahati to Tezpur,https://www.redbus.in/bus-tickets/guwahati-to-tezpur,Assam State Transport Corporation (ASTC) - 155999,Bharat Benz A/C Seater (2+2),07:15,3h 35m,10:50,4.4,₹298,28 Seats
Guwahati to Tezpur,https://www.redbus.in/bus-tickets/guwahati-to-tezpur,Assam State Transport Corporation (ASTC) - 177332,Bharat Benz A/C Seater (2+2),08:30,4h,12:30,3.7,₹298,29 Seats
Guwahati to Tezpur,https://www.redbus.in/bus-tickets/guwahati-to-tezpur,Assam State Transport Corporation (ASTC) - 167312,Bharat Benz A/C Seater (2+2),09:00,4h,13:00,3.9,₹298,30 Seats
Guwahati to Tezpur,https://www.redbus.in/bus-tickets/guwahati-to-tezpur,Assam State Transport Corporation (ASTC) - 154910,Bharat Benz A/C Seater (2+2),10:30,4h 30m,15:00,3.7,₹298,32 Seats
Guwahati to Tezpur,https://www.redbus.in/bus-tickets/guwahati-to-tezpur,Assam State Transport Corporation (ASTC) - 79324,Volvo A/C Seater (2+2),13:45,4h 45m,18:30,4.2,₹298,27 Seats
Guwahati to Nagaon (Assam),https://www.redbus.in/bus-tickets/guwahati-to-nagaon,Assam State Transport Corporation (ASTC) - 143955,Bharat Benz A/C Seater (2+2),07:00,2h 30m,09:30,3.7,₹191,27 Seats
Guwahati to Nagaon (Assam),https://www.redbus.in/bus-tickets/guwahati-to-nagaon,Assam State Transport Corporation (ASTC) - 180598,Bharat Benz A/C Seater (2+2),07:30,2h 45m,10:15,4.4,₹191,20 Seats
Guwahati to Nagaon (Assam),https://www.redbus.in/bus-tickets/guwahati-to-nagaon,Assam State Transport Corporation (ASTC) - 167312,Bharat Benz A/C Seater (2+2),09:00,2h 30m,11:30,3.8,₹191,30 Seats
Guwahati to Nagaon (Assam),https://www.redbus.in/bus-tickets/guwahati-to-nagaon,Assam State Transport Corporation (ASTC) - 154910,Bharat Benz A/C Seater (2+2),10:30,2h 30m,13:00,3.5,₹191,32 Seats
Guwahati to Nagaon (Assam),https://www.redbus.in/bus-tickets/guwahati-to-nagaon,Assam State Transport Corporation (ASTC) - 146146,Bharat Benz A/C Seater (2+2),13:00,3h,16:00,4.2,₹191,33 Seats
Guwahati to Nagaon (Assam),https://www.redbus.in/bus-tickets/guwahati-to-nagaon,Assam State Transport Corporation (ASTC) - 146079,Bharat Benz A/C Seater (2+2),14:15,2h 45m,17:00,3.6,₹191,33 Seats
Dhekiajuli to Guwahati,https://www.redbus.in/bus-tickets/dhekiajuli-to-guwahati,Assam State Transport Corporation (ASTC) - 147480,Bharat Benz A/C Seater (2+2),05:55,3h 5m,09:00,4.1,₹213,19 Seats
Dhekiajuli to Guwahati,https://www.redbus.in/bus-tickets/dhekiajuli-to-guwahati,ANIRUDDHA TRAVELS,A/C Seater Push Back (2+2),06:00,3h 20m,09:20,2.6,₹270,"30 Seats
(1 Single)"
Dhekiajuli to Guwahati,https://www.redbus.in/bus-tickets/dhekiajuli-to-guwahati,,,,,,,,
Jorhat to North Lakhimpur,https://www.redbus.in/bus-tickets/jorhat-to-north-lakhimpur,Assam State Transport Corporation (ASTC) - 152649,Bharat Benz A/C Seater (2+2),06:45,6h 15m,13:00,4.3,₹405,23 Seats
Jorhat to North Lakhimpur,https://www.redbus.in/bus-tickets/jorhat-to-north-lakhimpur,Hargauri Travels,A/C Seater Push Back (2+2),06:00,6h,12:00,4.1,"₹530
₹430",
Jorhat to North Lakhimpur,https://www.redbus.in/bus-tickets/jorhat-to-north-lakhimpur,,,,,,,,
Jorhat to North Lakhimpur,https://www.redbus.in/bus-tickets/jorhat-to-north-lakhimpur,,,,,,,,N/A
North Lakhimpur to Jorhat,https://www.redbus.in/bus-tickets/north-lakhimpur-to-jorhat,Sylvan DEE Transport,Non AC Seater (2+1),18:00,10h 30m,04:30,3.2,₹560,"24 Seats
(6 Single)"
North Lakhimpur to Jorhat,https://www.redbus.in/bus-tickets/north-lakhimpur-to-jorhat,Padmanav Travels,NON A/C Seater Push Back (2+2),05:30,8h 5m,13:35,2.3,₹550,29 Seats
Sibsagar (Assam) to North Lakhimpur,https://www.redbus.in/bus-tickets/sibsagar-to-north-lakhimpur,Assam State Transport Corporation (ASTC) - 173043,Non AC Seater (2+2),07:30,4h,11:30,3.4,₹220,20 Seats
Sibsagar (Assam) to North Lakhimpur,https://www.redbus.in/bus-tickets/sibsagar-to-north-lakhimpur,Assam State Transport Corporation (ASTC) - 152649,Bharat Benz A/C Seater (2+2),08:10,4h 50m,13:00,4.5,₹314,N/A
North Lakhimpur to Sibsagar (Assam),https://www.redbus.in/bus-tickets/north-lakhimpur-to-sibsagar,Assam State Transport Corporation (ASTC) - 173044,Non AC Seater (2+2),13:00,5h 30m,18:30,3.4,₹220,29 Seats
North Lakhimpur to Sibsagar (Assam),https://www.redbus.in/bus-tickets/north-lakhimpur-to-sibsagar,Sylvan DEE Transport,Non AC Seater (2+1),18:00,11h 30m,05:30,3.3,₹660,"27 Seats
(7 Single)"
Guwahati to Dhubri,https://www.redbus.in/bus-tickets/guwahati-to-dhubri,Assam State Transport Corporation (ASTC) - 150574,Bharat Benz A/C Seater (2+2),12:00,7h,19:00,3.5,₹410,18 Seats
Guwahati to Dhubri,https://www.redbus.in/bus-tickets/guwahati-to-dhubri,UNICORN,AC Seater (2+2),14:00,6h 30m,20:30,3.8,₹400,29 Seats
Guwahati to Dhubri,https://www.redbus.in/bus-tickets/guwahati-to-dhubri,,,,,,,,
Guwahati to Dhubri,https://www.redbus.in/bus-tickets/guwahati-to-dhubri,,,,,,,,
Guwahati to Dhubri,https://www.redbus.in/bus-tickets/guwahati-to-dhubri,,,,,,,,
Guwahati to Dhubri,https://www.redbus.in/bus-tickets/guwahati-to-dhubri,,,,,,,,
Guwahati to Dhubri,https://www.redbus.in/bus-tickets/guwahati-to-dhubri,,,,,,,,
Guwahati to Dhubri,https://www.redbus.in/bus-tickets/guwahati-to-dhubri,,,,,,,,
Guwahati to Dhubri,https://www.redbus.in/bus-tickets/guwahati-to-dhubri,,,,,,,,
Dhubri to Guwahati,https://www.redbus.in/bus-tickets/dhubri-to-guwahati,Assam State Transport Corporation (ASTC) - 150573,Bharat Benz A/C Seater (2+2),05:00,6h 30m,11:30,3.6,₹410,19 Seats
Dhubri to Guwahati,https://www.redbus.in/bus-tickets/dhubri-to-guwahati,UNICORN,AC Seater (2+2),06:30,6h,12:30,4.2,₹400,25 Seats
Dhubri to Guwahati,https://www.redbus.in/bus-tickets/dhubri-to-guwahati,,,,,,,,
Dhubri to Guwahati,https://www.redbus.in/bus-tickets/dhubri-to-guwahati,,,,,,,,
Dhubri to Guwahati,https://www.redbus.in/bus-tickets/dhubri-to-guwahati,,,,,,,,
Dhubri to Guwahati,https://www.redbus.in/bus-tickets/dhubri-to-guwahati,,,,,,,,
Dhubri to Guwahati,https://www.redbus.in/bus-tickets/dhubri-to-guwahati,,,,,,,,
Dhubri to Guwahati,https://www.redbus.in/bus-tickets/dhubri-to-guwahati,,,,,,,,
Dhubri to Guwahati,https://www.redbus.in/bus-tickets/dhubri-to-guwahati,,,,,,,,
Dhubri to Guwahati,https://www.redbus.in/bus-tickets/dhubri-to-guwahati,,,,,,,,
Dibrugarh to North Lakhimpur,https://www.redbus.in/bus-tickets/dibrugarh-to-north-lakhimpur,Assam State Transport Corporation (ASTC) - 175100,NON A/C Seater Push Back (2+1),08:45,3h 30m,12:15,4.1,₹200,"22 Seats
(2 Single)"
Dibrugarh to North Lakhimpur,https://www.redbus.in/bus-tickets/dibrugarh-to-north-lakhimpur,Assam State Transport Corporation (ASTC) - 147556,Bharat Benz A/C Seater (2+2),12:30,4h,16:30,4.3,₹236,35 Seats
Jorhat to Dhemaji,https://www.redbus.in/bus-tickets/jorhat-to-dhemaji,Assam State Transport Corporation (ASTC) - 152649,Bharat Benz A/C Seater (2+2),06:45,4h 35m,11:20,3.9,₹296,24 Seats
Jorhat to Dhemaji,https://www.redbus.in/bus-tickets/jorhat-to-dhemaji,Hargauri Travels,A/C Seater Push Back (2+2),06:00,4h 30m,10:30,4.1,"₹400
₹300",N/A
Pune to Goa,https://www.redbus.in/bus-tickets/pune-to-goa,Atmaram Gobus,VE A/C Sleeper (2+1),21:00,10h 30m,07:30,4.7,₹900,"18 Seats
(1 Single)"
Pune to Goa,https://www.redbus.in/bus-tickets/pune-to-goa,Atmaram Gobus,VE A/C Sleeper (2+1),22:30,10h 15m,08:45,4.7,"₹1,000",13 Seats
Pune to Goa,https://www.redbus.in/bus-tickets/pune-to-goa,Atmaram Gobus,,23:30,,08:45,4.6,"₹1,000",
Pune to Goa,https://www.redbus.in/bus-tickets/pune-to-goa,,,,,,,,
Pune to Goa,https://www.redbus.in/bus-tickets/pune-to-goa,,,,,,,,
Pune to Goa,https://www.redbus.in/bus-tickets/pune-to-goa,,,,,,,,
Pune to Goa,https://www.redbus.in/bus-tickets/pune-to-goa,,,,,,,,
Pune to Goa,https://www.redbus.in/bus-tickets/pune-to-goa,,,,,,,,
Pune to Goa,https://www.redbus.in/bus-tickets/pune-to-goa,,,,,,,,
Pune to Goa,https://www.redbus.in/bus-tickets/pune-to-goa,,,,,,,,
Pune to Goa,https://www.redbus.in/bus-tickets/pune-to-goa,,,,,,,,
Mumbai to Goa,https://www.redbus.in/bus-tickets/mumbai-to-goa,zingbus plus,Bharat Benz A/C Sleeper (2+1),18:00,16h 30m,10:30,4.6,"₹1,574
₹1,377","24 Seats
(8 Single)"
Mumbai to Goa,https://www.redbus.in/bus-tickets/mumbai-to-goa,zingbus plus,Bharat Benz A/C Sleeper (2+1),17:00,16h 45m,09:45,4.6,"₹1,714
₹1,500","23 Seats
(5 Single)"
Mumbai to Goa,https://www.redbus.in/bus-tickets/mumbai-to-goa,,,,,,,,
Mumbai to Goa,https://www.redbus.in/bus-tickets/mumbai-to-goa,,,,,,,,
Mumbai to Goa,https://www.redbus.in/bus-tickets/mumbai-to-goa,,,,,,,,
Mumbai to Goa,https://www.redbus.in/bus-tickets/mumbai-to-goa,,,,,,,,
Mumbai to Goa,https://www.redbus.in/bus-tickets/mumbai-to-goa,,,,,,,,
Mumbai to Goa,https://www.redbus.in/bus-tickets/mumbai-to-goa,,,,,,,,
Mumbai to Goa,https://www.redbus.in/bus-tickets/mumbai-to-goa,,,,,,,,
Mumbai to Goa,https://www.redbus.in/bus-tickets/mumbai-to-goa,,,,,,,,N/A
Goa to Pune,https://www.redbus.in/bus-tickets/goa-to-pune,Atmaram Gobus,VE A/C Sleeper (2+1),21:32,9h 30m,07:02,4.7,₹722,"21 Seats
(2 Single)"
Goa to Pune,https://www.redbus.in/bus-tickets/goa-to-pune,Atmaram Gobus,Bharat Benz A/C Sleeper (2+1),23:00,9h,08:00,4.6,₹799,"16 Seats
(2 Single)"
Goa to Pune,https://www.redbus.in/bus-tickets/goa-to-pune,Atmaram Gobus,,22:30,,08:00,4.6,₹799,
Goa to Pune,https://www.redbus.in/bus-tickets/goa-to-pune,,,,,,,,
Goa to Pune,https://www.redbus.in/bus-tickets/goa-to-pune,,,,,,,,
Goa to Pune,https://www.redbus.in/bus-tickets/goa-to-pune,,,,,,,,
Goa to Pune,https://www.redbus.in/bus-tickets/goa-to-pune,,,,,,,,
Goa to Pune,https://www.redbus.in/bus-tickets/goa-to-pune,,,,,,,,
Goa to Pune,https://www.redbus.in/bus-tickets/goa-to-pune,,,,,,,,
Goa to Pune,https://www.redbus.in/bus-tickets/goa-to-pune,,,,,,,,
Goa to Pune,https://www.redbus.in/bus-tickets/goa-to-pune,,,,,,,,
Goa to Pune,https://www.redbus.in/bus-tickets/goa-to-pune,,,,,,,,
Goa to Pune,https://www.redbus.in/bus-tickets/goa-to-pune,,,,,,,,
Goa to Mumbai,https://www.redbus.in/bus-tickets/goa-to-mumbai,zingbus plus,Bharat Benz A/C Sleeper (2+1),18:00,14h 30m,08:30,4.7,"₹790
₹691","26 Seats
(5 Single)"
Goa to Mumbai,https://www.redbus.in/bus-tickets/goa-to-mumbai,zingbus plus,Bharat Benz A/C Sleeper (2+1),19:25,14h 35m,10:00,4.6,"₹897
₹785","16 Seats
(2 Single)"
Goa to Mumbai,https://www.redbus.in/bus-tickets/goa-to-mumbai,,,,,,,,
Goa to Mumbai,https://www.redbus.in/bus-tickets/goa-to-mumbai,,,,,,,,
Goa to Mumbai,https://www.redbus.in/bus-tickets/goa-to-mumbai,,,,,,,,
Goa to Mumbai,https://www.redbus.in/bus-tickets/goa-to-mumbai,,,,,,,,
Goa to Mumbai,https://www.redbus.in/bus-tickets/goa-to-mumbai,,,,,,,,
Goa to Mumbai,https://www.redbus.in/bus-tickets/goa-to-mumbai,,,,,,,,
Goa to Mumbai,https://www.redbus.in/bus-tickets/goa-to-mumbai,,,,,,,,
Goa to Mumbai,https://www.redbus.in/bus-tickets/goa-to-mumbai,,,,,,,,
Bangalore to Goa,https://www.redbus.in/bus-tickets/bangalore-to-goa,zingbus plus,Bharat Benz A/C Sleeper (2+1),20:05,12h 55m,09:00,4.8,"₹1,460
₹1,278","24 Seats
(8 Single)"
Bangalore to Goa,https://www.redbus.in/bus-tickets/bangalore-to-goa,Butterfly Holidays,VE A/C Sleeper (2+1),21:10,12h 25m,09:35,4.7,"₹1,599",
Bangalore to Goa,https://www.redbus.in/bus-tickets/bangalore-to-goa,,,,,,,,
Bangalore to Goa,https://www.redbus.in/bus-tickets/bangalore-to-goa,,,,,,,,
Bangalore to Goa,https://www.redbus.in/bus-tickets/bangalore-to-goa,,,,,,,,
Bangalore to Goa,https://www.redbus.in/bus-tickets/bangalore-to-goa,,,,,,,,
Bangalore to Goa,https://www.redbus.in/bus-tickets/bangalore-to-goa,,,,,,,,
Bangalore to Goa,https://www.redbus.in/bus-tickets/bangalore-to-goa,,,,,,,,
Bangalore to Goa,https://www.redbus.in/bus-tickets/bangalore-to-goa,,,,,,,,
Bangalore to Goa,https://www.redbus.in/bus-tickets/bangalore-to-goa,,,,,,,,
Bangalore to Goa,https://www.redbus.in/bus-tickets/bangalore-to-goa,,,,,,,,
Bangalore to Goa,https://www.redbus.in/bus-tickets/bangalore-to-goa,,,,,,,,
Bangalore to Goa,https://www.redbus.in/bus-tickets/bangalore-to-goa,,,,,,,,
Bangalore to Goa,https://www.redbus.in/bus-tickets/bangalore-to-goa,,,,,,,,
Bangalore to Goa,https://www.redbus.in/bus-tickets/bangalore-to-goa,,,,,,,,N/A
Belagavi to Goa,https://www.redbus.in/bus-tickets/belagavi-to-goa,Kadamba Transport Corporation Limited (KTCL) - 180979,Non AC Seater (2+2),16:00,4h 32m,20:32,3.2,₹230,17 Seats
Belagavi to Goa,https://www.redbus.in/bus-tickets/belagavi-to-goa,S R Travels,NON A/C Sleeper (2+1),01:15,5h,06:15,2,₹799,
Belagavi to Goa,https://www.redbus.in/bus-tickets/belagavi-to-goa,,,,,,,,
Belagavi to Goa,https://www.redbus.in/bus-tickets/belagavi-to-goa,,,,,,,,
Belagavi to Goa,https://www.redbus.in/bus-tickets/belagavi-to-goa,,,,,,,,
Belagavi to Goa,https://www.redbus.in/bus-tickets/belagavi-to-goa,,,,,,,,N/A
Goa to Bangalore,https://www.redbus.in/bus-tickets/goa-to-bangalore,Butterfly Holidays,VE A/C Sleeper (2+1),18:30,12h 15m,06:45,4.6,"₹1,699",10 Seats
Goa to Bangalore,https://www.redbus.in/bus-tickets/goa-to-bangalore,IntrCity SmartBus,A/C Sleeper (2+1),16:00,13h 30m,05:30,4.5,"₹1,009","12 Seats
(7 Single)"
Goa to Bangalore,https://www.redbus.in/bus-tickets/goa-to-bangalore,,,,,,,,
Goa to Bangalore,https://www.redbus.in/bus-tickets/goa-to-bangalore,,,,,,,,
Goa to Bangalore,https://www.redbus.in/bus-tickets/goa-to-bangalore,,,,,,,,
Goa to Bangalore,https://www.redbus.in/bus-tickets/goa-to-bangalore,,,,,,,,
Goa to Bangalore,https://www.redbus.in/bus-tickets/goa-to-bangalore,,,,,,,,
Goa to Bangalore,https://www.redbus.in/bus-tickets/goa-to-bangalore,,,,,,,,
Goa to Bangalore,https://www.redbus.in/bus-tickets/goa-to-bangalore,,,,,,,,
Goa to Bangalore,https://www.redbus.in/bus-tickets/goa-to-bangalore,,,,,,,,
Goa to Bangalore,https://www.redbus.in/bus-tickets/goa-to-bangalore,,,,,,,,
Goa to Bangalore,https://www.redbus.in/bus-tickets/goa-to-bangalore,,,,,,,,
Goa to Bangalore,https://www.redbus.in/bus-tickets/goa-to-bangalore,,,,,,,,
Goa to Bangalore,https://www.redbus.in/bus-tickets/goa-to-bangalore,,,,,,,,
Goa to Bangalore,https://www.redbus.in/bus-tickets/goa-to-bangalore,,,,,,,,
Goa to Belagavi,https://www.redbus.in/bus-tickets/goa-to-belagavi,Kadamba Transport Corporation Limited (KTCL) - 180953,Non AC Seater (2+2),07:00,3h 30m,10:30,3.1,₹230,32 Seats
Goa to Belagavi,https://www.redbus.in/bus-tickets/goa-to-belagavi,PSR Travels Goa (Parrikar),VE A/C Sleeper (2+1),16:45,4h 40m,21:25,4.1,₹849,"29 Seats
(9 Single)"
Goa to Belagavi,https://www.redbus.in/bus-tickets/goa-to-belagavi,,,,,,,,
Goa to Belagavi,https://www.redbus.in/bus-tickets/goa-to-belagavi,,,,,,,,
Goa to Belagavi,https://www.redbus.in/bus-tickets/goa-to-belagavi,,,,,,,,
Goa to Belagavi,https://www.redbus.in/bus-tickets/goa-to-belagavi,,,,,,,,
Goa to Belagavi,https://www.redbus.in/bus-tickets/goa-to-belagavi,,,,,,,,
Goa to Belagavi,https://www.redbus.in/bus-tickets/goa-to-belagavi,,,,,,,,
Goa to Belagavi,https://www.redbus.in/bus-tickets/goa-to-belagavi,,,,,,,,
Goa to Belagavi,https://www.redbus.in/bus-tickets/goa-to-belagavi,,,,,,,,
Hyderabad to Goa,https://www.redbus.in/bus-tickets/hyderabad-to-goa,Atmaram Gobus,Bharat Benz A/C Sleeper (2+1),18:00,15h 30m,09:30,4.4,"₹1,200","22 Seats
(5 Single)"
Hyderabad to Goa,https://www.redbus.in/bus-tickets/hyderabad-to-goa,IntrCity SmartBus,AC Sleeper (2+1),19:00,16h 55m,11:55,4.3,"₹1,049","19 Seats
(5 Single)"
Hyderabad to Goa,https://www.redbus.in/bus-tickets/hyderabad-to-goa,FlixBus,,18:00,,11:55,4.4,"₹1,097",
Hyderabad to Goa,https://www.redbus.in/bus-tickets/hyderabad-to-goa,,,,,,,,
Hyderabad to Goa,https://www.redbus.in/bus-tickets/hyderabad-to-goa,,,,,,,,
Hyderabad to Goa,https://www.redbus.in/bus-tickets/hyderabad-to-goa,,,,,,,,
Hyderabad to Goa,https://www.redbus.in/bus-tickets/hyderabad-to-goa,,,,,,,,
Hyderabad to Goa,https://www.redbus.in/bus-tickets/hyderabad-to-goa,,,,,,,,
Hyderabad to Goa,https://www.redbus.in/bus-tickets/hyderabad-to-goa,,,,,,,,
Hyderabad to Goa,https://www.redbus.in/bus-tickets/hyderabad-to-goa,,,,,,,,
Goa to Hyderabad,https://www.redbus.in/bus-tickets/goa-to-hyderabad,Atmaram Gobus,Bharat Benz A/C Sleeper (2+1),18:00,13h 30m,07:30,4.7,"₹1,146","16 Seats
(6 Single)"
Goa to Hyderabad,https://www.redbus.in/bus-tickets/goa-to-hyderabad,zingbus plus,AC Sleeper (2+1),16:45,15h 55m,08:40,4.4,"₹896
₹784","20 Seats
(8 Single)"
Goa to Hyderabad,https://www.redbus.in/bus-tickets/goa-to-hyderabad,,,,,,,,
Goa to Hyderabad,https://www.redbus.in/bus-tickets/goa-to-hyderabad,,,,,,,,
Goa to Hyderabad,https://www.redbus.in/bus-tickets/goa-to-hyderabad,,,,,,,,
Goa to Hyderabad,https://www.redbus.in/bus-tickets/goa-to-hyderabad,,,,,,,,
Goa to Hyderabad,https://www.redbus.in/bus-tickets/goa-to-hyderabad,,,,,,,,
Goa to Hyderabad,https://www.redbus.in/bus-tickets/goa-to-hyderabad,,,,,,,,
Goa to Hyderabad,https://www.redbus.in/bus-tickets/goa-to-hyderabad,,,,,,,,
Goa to Hyderabad,https://www.redbus.in/bus-tickets/goa-to-hyderabad,,,,,,,,
Pandharpur to Goa,https://www.redbus.in/bus-tickets/pandharpur-to-goa,Kadamba Transport Corporation Limited (KTCL) - 61005,Non AC Seater 2+2,21:15,12h 45m,10:00,4.3,₹790,32 Seats
Goa to Pandharpur,https://www.redbus.in/bus-tickets/goa-to-pandharpur,Kadamba Transport Corporation Limited (KTCL) - 60996,Non AC Seater 2+2,19:00,12h,07:00,4,₹790,30 Seats
Hyderabad to Belagavi,https://www.redbus.in/bus-tickets/hyderabad-to-belagavi,PSR Travels Goa (Parrikar),VE A/C Sleeper (2+1),20:25,11h 50m,08:15,4.5,₹950,"21 Seats
(4 Single)"
Hyderabad to Belagavi,https://www.redbus.in/bus-tickets/hyderabad-to-belagavi,LIMOLINER,A/C Sleeper (2+1),18:00,12h,06:00,3.2,₹900,"20 Seats
(6 Single)"
Hyderabad to Belagavi,https://www.redbus.in/bus-tickets/hyderabad-to-belagavi,PVS Tours and Travels,,22:30,,13:30,3.3,"₹1,299",
Hyderabad to Belagavi,https://www.redbus.in/bus-tickets/hyderabad-to-belagavi,,,,,,,,
Hyderabad to Belagavi,https://www.redbus.in/bus-tickets/hyderabad-to-belagavi,,,,,,,,
Hyderabad to Belagavi,https://www.redbus.in/bus-tickets/hyderabad-to-belagavi,,,,,,,,
Hyderabad to Belagavi,https://www.redbus.in/bus-tickets/hyderabad-to-belagavi,,,,,,,,
Hyderabad to Belagavi,https://www.redbus.in/bus-tickets/hyderabad-to-belagavi,,,,,,,,
Hyderabad to Belagavi,https://www.redbus.in/bus-tickets/hyderabad-to-belagavi,,,,,,,,
Hyderabad to Belagavi,https://www.redbus.in/bus-tickets/hyderabad-to-belagavi,,,,,,,,
Belagavi to Marcel,https://www.redbus.in/bus-tickets/belagavi-to-marcel,Kadamba Transport Corporation Limited (KTCL) - 180979,Non AC Seater (2+2),16:00,3h,19:00,4.5,₹180,28 Seats
Marcel to Belagavi,https://www.redbus.in/bus-tickets/marcel-to-belagavi,Kadamba Transport Corporation Limited (KTCL) - 180953,Non AC Seater (2+2),08:00,2h 30m,10:30,4.5,₹180,32 Seats
Goa to Kolhapur(Maharashtra),https://www.redbus.in/bus-tickets/goa-to-kolhapur-maharashtra,Kadamba Transport Corporation Limited (KTCL) - 60996,Non AC Seater 2+2,19:00,7h 30m,02:30,4.4,₹450,30 Seats
Goa to Kolhapur(Maharashtra),https://www.redbus.in/bus-tickets/goa-to-kolhapur-maharashtra,IntrCity SmartBus,Bharat Benz A/C Seater /Sleeper (2+1),19:15,6h 35m,01:50,4.3,₹360,"37 Seats
(8 Single)"
Goa to Kolhapur(Maharashtra),https://www.redbus.in/bus-tickets/goa-to-kolhapur-maharashtra,,,,,,,,
Goa to Kolhapur(Maharashtra),https://www.redbus.in/bus-tickets/goa-to-kolhapur-maharashtra,,,,,,,,
Goa to Kolhapur(Maharashtra),https://www.redbus.in/bus-tickets/goa-to-kolhapur-maharashtra,,,,,,,,
Goa to Kolhapur(Maharashtra),https://www.redbus.in/bus-tickets/goa-to-kolhapur-maharashtra,,,,,,,,
Goa to Kolhapur(Maharashtra),https://www.redbus.in/bus-tickets/goa-to-kolhapur-maharashtra,,,,,,,,
Goa to Kolhapur(Maharashtra),https://www.redbus.in/bus-tickets/goa-to-kolhapur-maharashtra,,,,,,,,
Goa to Kolhapur(Maharashtra),https://www.redbus.in/bus-tickets/goa-to-kolhapur-maharashtra,,,,,,,,
Goa to Kolhapur(Maharashtra),https://www.redbus.in/bus-tickets/goa-to-kolhapur-maharashtra,,,,,,,,
Goa to Kolhapur(Maharashtra),https://www.redbus.in/bus-tickets/goa-to-kolhapur-maharashtra,,,,,,,,
Goa to Kolhapur(Maharashtra),https://www.redbus.in/bus-tickets/goa-to-kolhapur-maharashtra,,,,,,,,
Goa to Kolhapur(Maharashtra),https://www.redbus.in/bus-tickets/goa-to-kolhapur-maharashtra,,,,,,,,
Goa to Kolhapur(Maharashtra),https://www.redbus.in/bus-tickets/goa-to-kolhapur-maharashtra,,,,,,,,
Solapur to Goa,https://www.redbus.in/bus-tickets/solapur-to-goa,Kadamba Transport Corporation Limited (KTCL) - 61005,Non AC Seater 2+2,20:00,14h,10:00,4.3,₹920,29 Seats
Solapur to Goa,https://www.redbus.in/bus-tickets/solapur-to-goa,Sharma Travels,Bharat Benz A/C Sleeper (2+1),23:00,10h,09:00,4.5,"₹1,200","26 Seats
(7 Single)"
Solapur to Goa,https://www.redbus.in/bus-tickets/solapur-to-goa,,,,,,,,
Solapur to Goa,https://www.redbus.in/bus-tickets/solapur-to-goa,,,,,,,,
Solapur to Goa,https://www.redbus.in/bus-tickets/solapur-to-goa,,,,,,,,
Solapur to Goa,https://www.redbus.in/bus-tickets/solapur-to-goa,,,,,,,,
Solapur to Goa,https://www.redbus.in/bus-tickets/solapur-to-goa,,,,,,,,
Solapur to Goa,https://www.redbus.in/bus-tickets/solapur-to-goa,,,,,,,,
Solapur to Goa,https://www.redbus.in/bus-tickets/solapur-to-goa,,,,,,,,N/A
Ponda to Belagavi,https://www.redbus.in/bus-tickets/ponda-to-belagavi,Kadamba Transport Corporation Limited (KTCL) - 180953,Non AC Seater (2+2),07:30,3h,10:30,3.4,₹210,30 Seats
Goa to Solapur,https://www.redbus.in/bus-tickets/goa-to-solapur,Kadamba Transport Corporation Limited (KTCL) - 60996,Non AC Seater 2+2,19:00,13h 30m,08:30,4,₹920,30 Seats
Goa to Solapur,https://www.redbus.in/bus-tickets/goa-to-solapur,Humsafar Travels,Bharat Benz A/C Sleeper (2+1),19:00,10h 15m,05:15,4,"₹1,300","19 Seats
(5 Single)"
Goa to Solapur,https://www.redbus.in/bus-tickets/goa-to-solapur,,,,,,,,
Goa to Solapur,https://www.redbus.in/bus-tickets/goa-to-solapur,,,,,,,,
Goa to Solapur,https://www.redbus.in/bus-tickets/goa-to-solapur,,,,,,,,
Goa to Solapur,https://www.redbus.in/bus-tickets/goa-to-solapur,,,,,,,,
Goa to Solapur,https://www.redbus.in/bus-tickets/goa-to-solapur,,,,,,,,
Goa to Solapur,https://www.redbus.in/bus-tickets/goa-to-solapur,,,,,,,,
Goa to Solapur,https://www.redbus.in/bus-tickets/goa-to-solapur,,,,,,,,
Goa to Solapur,https://www.redbus.in/bus-tickets/goa-to-solapur,,,,,,,,
